dataset,n_samples,n_features,prevalence,arch,flip_y,seed,mu_Se,mu_Sp,mu_avg,kappa_avg,f_A,f_B,f_C,acc_cv,f1_cv,recall_cv,recall_inflation,convergence_ok
breast_cancer,569,30,0.6274165202108963,LR,0.1,0,0.80322389633,0.7946687341199999,0.798946315225,92.982490777625,0.1195079086115993,0.0,0.8804920913884007,0.8628629094861047,0.8936496808222566,0.9316297786720324,0.12840588234203243,False
breast_cancer,569,30,0.6274165202108963,LR,0.0,0,0.9465330529925,0.9509618693225,0.9487474611575,168.87356563525,0.0123022847100175,0.0,0.9876977152899824,0.9806862288464524,0.9847673174099156,0.9915884194053208,0.04505536641282082,False
breast_cancer,569,30,0.6274165202108963,LR,0.0,1,0.951192179545,0.95489150759,0.9530418435675,169.820841811,0.0123022847100175,0.0,0.9876977152899824,0.9806862288464524,0.9847673174099156,0.9915884194053208,0.040396239860320815,False
breast_cancer,569,30,0.6274165202108963,LR,0.0,2,0.955195200735,0.959416712615,0.957305956675,170.21927096849998,0.0123022847100175,0.0,0.9876977152899824,0.9806862288464524,0.9847673174099156,0.9915884194053208,0.03639321867032086,False
breast_cancer,569,30,0.6274165202108963,LR,0.0,3,0.948064288065,0.95235764435,0.9502109662075,169.58367728912503,0.0123022847100175,0.0,0.9876977152899824,0.9806862288464524,0.9847673174099156,0.9915884194053208,0.04352413134032085,False
breast_cancer,569,30,0.6274165202108963,RF,0.0,0,0.9508745562775,0.9481071363525,0.949490846315,169.57256103112502,0.0052724077328646,0.0,0.9947275922671354,0.9631113181183046,0.970721364701985,0.9747261345852894,0.0238515783077895,False
breast_cancer,569,30,0.6274165202108963,RF,0.0,1,0.9499425744975,0.946694179235,0.94831837686625,169.25270246050002,0.0052724077328646,0.0,0.9947275922671354,0.9631113181183046,0.970721364701985,0.9747261345852894,0.02478356008778948,False
breast_cancer,569,30,0.6274165202108963,RF,0.0,2,0.9472224288975,0.9432274415825,0.94522493524,168.46385073174997,0.0052724077328646,0.0,0.9947275922671354,0.9631113181183046,0.970721364701985,0.9747261345852894,0.02750370568778948,False
breast_cancer,569,30,0.6274165202108963,RF,0.0,3,0.950004012515,0.94669964919,0.9483518308525,169.51170565312498,0.0052724077328646,0.0,0.9947275922671354,0.9631113181183046,0.970721364701985,0.9747261345852894,0.024722122070289454,False
breast_cancer,569,30,0.6274165202108963,SVM,0.0,0,0.95849958653,0.9539660186025,0.95623280256625,163.7156713375,0.0123022847100175,0.0,0.9876977152899824,0.9736376339077782,0.9791133579231952,0.9831377151799688,0.024638128649968838,False
breast_cancer,569,30,0.6274165202108963,SVM,0.0,1,0.966720777055,0.9639776326,0.9653492048275,164.820628357625,0.0123022847100175,0.0,0.9876977152899824,0.9736376339077782,0.9791133579231952,0.9831377151799688,0.016416938124968805,False
breast_cancer,569,30,0.6274165202108963,SVM,0.0,2,0.95901313979,0.954862969405,0.9569380545975,163.41596436987498,0.0123022847100175,0.0,0.9876977152899824,0.9736376339077782,0.9791133579231952,0.9831377151799688,0.024124575389968816,False
breast_cancer,569,30,0.6274165202108963,SVM,0.0,3,0.9528800688425,0.9477091902425,0.9502946295425,162.845272094625,0.0123022847100175,0.0,0.9876977152899824,0.9736376339077782,0.9791133579231952,0.9831377151799688,0.030257646337468858,False
breast_cancer,569,30,0.6274165202108963,GB,0.0,0,0.9514983591425,0.9482701649375,0.94988426204,167.498240841125,0.0035149384885764,0.0,0.9964850615114236,0.9631268436578172,0.9706196402685257,0.9747261345852894,0.023227775442789422,False
breast_cancer,569,30,0.6274165202108963,GB,0.0,1,0.9513123475975,0.9485373904925,0.949924869045,167.02723223625003,0.0035149384885764,0.0,0.9964850615114236,0.9631268436578172,0.9706196402685257,0.9747261345852894,0.023413786987789398,False
breast_cancer,569,30,0.6274165202108963,GB,0.0,2,0.95134855421,0.948471496545,0.9499100253775,167.124611391625,0.0035149384885764,0.0,0.9964850615114236,0.9631268436578172,0.9706196402685257,0.9747261345852894,0.023377580375289475,False
breast_cancer,569,30,0.6274165202108963,GB,0.0,3,0.9496983655025,0.945891769855,0.94779506767875,167.434525038125,0.0035149384885764,0.0,0.9964850615114236,0.9631268436578172,0.9706196402685257,0.9747261345852894,0.025027769082789475,False
breast_cancer,569,30,0.6274165202108963,MLP,0.0,0,0.9609883981575,0.9630805426025,0.96203447038,174.351127971625,0.0070298769771528,0.0,0.9929701230228472,0.9736531594472908,0.9792279530630182,0.9859546165884192,0.024966218430919174,False
breast_cancer,569,30,0.6274165202108963,MLP,0.0,1,0.960155261475,0.96164372655,0.9608994940125,171.64006535475002,0.0070298769771528,0.0,0.9929701230228472,0.9736531594472908,0.9792279530630182,0.9859546165884192,0.025799355113419242,False
breast_cancer,569,30,0.6274165202108963,MLP,0.0,2,0.962640477435,0.9643215963575,0.96348103689625,171.98170555349998,0.0070298769771528,0.0,0.9929701230228472,0.9736531594472908,0.9792279530630182,0.9859546165884192,0.023314139153419178,False
breast_cancer,569,30,0.6274165202108963,MLP,0.0,3,0.959370097245,0.961365463495,0.96036778037,172.41394255325,0.0070298769771528,0.0,0.9929701230228472,0.9736531594472908,0.9792279530630182,0.9859546165884192,0.02658451934341921,False
breast_cancer,569,30,0.6274165202108963,LR,0.1,1,0.792511346065,0.7970997240550001,0.7948055350600001,122.474255933625,0.117750439367311,0.0,0.8822495606326889,0.8646172954510171,0.8918012316283704,0.9265984654731458,0.13408711940814588,False
breast_cancer,569,30,0.6274165202108963,LR,0.1,2,0.7680234538849999,0.7874433838899999,0.7777334188874999,124.38498746675,0.1370826010544815,0.0,0.8629173989455184,0.8418258034466698,0.8695636172935716,0.9084848484848485,0.14046139459984852,False
breast_cancer,569,30,0.6274165202108963,LR,0.1,3,0.78266241129,0.7835295815275,0.78309599640875,119.99474200075,0.1230228471001757,0.0,0.8769771528998243,0.8541065052010557,0.8843834662162484,0.9264705882352942,0.14380817694529413,False
breast_cancer,569,30,0.6274165202108963,RF,0.1,0,0.8669481207999999,0.8332219731875,0.85008504699375,143.03944163475,0.0281195079086115,0.0,0.9718804920913884,0.8716814159292035,0.8981535628058662,0.9144869215291752,0.04753880072917527,False
breast_cancer,569,30,0.6274165202108963,RF,0.1,1,0.855375912955,0.8431811382699999,0.8492785256125,134.94365092650003,0.0439367311072056,0.0,0.9560632688927944,0.8734202763546033,0.8970847601275809,0.9206308610400684,0.06525494808506838,False
breast_cancer,569,30,0.6274165202108963,RF,0.1,2,0.84642745696,0.8619563952975,0.8541919261287501,146.7019933515,0.0298769771528998,0.0,0.9701230228471002,0.8576308026703927,0.8806610485445872,0.9083449883449884,0.061917531384988456,False
breast_cancer,569,30,0.6274165202108963,RF,0.1,3,0.8562373599675,0.8369635933375,0.8466004766524999,140.3265410885,0.031634446397188,0.0,0.968365553602812,0.8628629094861047,0.888497411253887,0.9117647058823528,0.055527345914852866,False
breast_cancer,569,30,0.6274165202108963,SVM,0.1,0,0.8362233091000001,0.800359737945,0.8182915235225001,122.6399318,0.1001757469244288,0.0,0.8998242530755711,0.876897997205403,0.9022127808919632,0.9145271629778672,0.07830385387786709,False
breast_cancer,569,30,0.6274165202108963,SVM,0.1,1,0.8154965585274999,0.8105478678575,0.8130222131925,122.484690648,0.0984182776801406,0.0,0.9015817223198594,0.8786679087098277,0.9021178420105318,0.9294970161977836,0.11400045767028366,False
breast_cancer,569,30,0.6274165202108963,SVM,0.1,2,0.8040557367949999,0.8137645987975,0.8089101677962499,134.368011884875,0.1036906854130052,0.0,0.8963093145869947,0.8681571184598665,0.8923037339656602,0.941958041958042,0.13790230516304214,False
breast_cancer,569,30,0.6274165202108963,SVM,0.1,3,0.7891207820474999,0.79017220444,0.7896464932437499,128.119035792625,0.117750439367311,0.0,0.8822495606326889,0.8646172954510168,0.891577274291097,0.9264705882352942,0.13734980618779424,False
breast_cancer,569,30,0.6274165202108963,GB,0.1,0,0.866187802855,0.8365295638225,0.85135868333875,152.49824694925,0.0492091388400703,0.0,0.9507908611599296,0.8523210681571184,0.8838459144535988,0.9087726358148892,0.04258483295988924,False
breast_cancer,569,30,0.6274165202108963,GB,0.1,1,0.860130420245,0.8374054488775,0.84876793456125,141.625450241125,0.070298769771529,0.0,0.929701230228471,0.8523210681571184,0.8801980935913678,0.9002557544757034,0.04012533423070341,False
breast_cancer,569,30,0.6274165202108963,GB,0.1,2,0.8438222418,0.8328340779,0.83832815985,149.99601032475002,0.0650263620386643,0.0,0.9349736379613356,0.836593696630958,0.8611717686668634,0.8781351981351981,0.03431295633519815,False
breast_cancer,569,30,0.6274165202108963,GB,0.1,3,0.8465761323200001,0.8355606190774999,0.84106837569875,147.0153358695,0.070298769771529,0.0,0.929701230228471,0.8452724732184442,0.8727755652620759,0.8852941176470587,0.03871798532705861,False
breast_cancer,569,30,0.6274165202108963,MLP,0.1,0,0.846370574015,0.84703991661,0.8467052453125,156.889234601375,0.0404217926186291,0.0,0.9595782073813708,0.8434715106349946,0.8738646293039489,0.8775452716297787,0.031174697614778646,False
breast_cancer,569,30,0.6274165202108963,MLP,0.1,1,0.8511557149125,0.8497183645575,0.8504370397350001,154.507002154625,0.0369068541300527,0.0,0.9630931458699472,0.8206644930911349,0.8534960856496039,0.8678601875532822,0.01670447264078223,False
breast_cancer,569,30,0.6274165202108963,MLP,0.1,2,0.8434742833675,0.8491317485150001,0.84630301594125,156.38827181425,0.0421792618629174,0.0,0.9578207381370826,0.8171557211613104,0.8443323486329349,0.8535664335664336,0.010092150198933614,False
breast_cancer,569,30,0.6274165202108963,MLP,0.1,3,0.8450239802774999,0.844504390575,0.84476418542625,158.215947216,0.0369068541300527,0.0,0.9630931458699472,0.8136624747709982,0.8473005158754965,0.8647058823529411,0.019681902075441182,False
breast_cancer,569,30,0.6274165202108963,LR,0.2,0,0.7102587384375,0.6435865861875,0.6769226623125,127.014732523625,0.2196836555360281,0.0,0.7803163444639719,0.736283185840708,0.7872117641946684,0.844988344988345,0.13472960655084498,False
breast_cancer,569,30,0.6274165202108963,LR,0.2,1,0.72673895328,0.681151618135,0.7039452857075,115.23171436925,0.2161687170474516,0.0,0.7838312829525483,0.7574289706567303,0.8048198181227605,0.8623699683401176,0.13563101506011754,False
breast_cancer,569,30,0.6274165202108963,LR,0.2,2,0.7001326754849999,0.698830338955,0.69948150722,124.9095139925,0.2056239015817223,0.0,0.7943760984182777,0.7574134451172178,0.7949557145006385,0.8447420634920635,0.14460938800706358,False
breast_cancer,569,30,0.6274165202108963,LR,0.2,3,0.7039591523025,0.65852271305,0.68124093267625,122.638756243125,0.2214411247803163,0.0,0.7785588752196837,0.7433783573979195,0.7914448254402418,0.8442424242424243,0.1402832719399244,False
breast_cancer,569,30,0.6274165202108963,RF,0.2,0,0.8151663369175001,0.77576344303,0.79546488997375,144.848356316875,0.0087873462214411,0.0,0.9912126537785588,0.7626300263934171,0.8000147694297819,0.8267132867132867,0.011546949795786632,False
breast_cancer,569,30,0.6274165202108963,RF,0.2,1,0.8173088835475001,0.7762248554925,0.7967668695200001,136.89625511462498,0.0123022847100175,0.0,0.9876977152899824,0.7662164260208042,0.8044274099718924,0.8264133876074174,0.009104504059917362,False
breast_cancer,569,30,0.6274165202108963,RF,0.2,2,0.8104063528525001,0.8071314069150001,0.80876887988375,142.02548425549998,0.0193321616871704,0.0,0.9806678383128296,0.7680484396832792,0.800213956557109,0.8417162698412698,0.031309916988769726,False
breast_cancer,569,30,0.6274165202108963,RF,0.2,3,0.804119633405,0.77489758264,0.7895086080225,146.118626710125,0.0140597539543057,0.0,0.9859402460456942,0.7539823008849558,0.7961724822507893,0.8351981351981352,0.031078501793135205,False
breast_cancer,569,30,0.6274165202108963,SVM,0.2,0,0.740576629695,0.6874814123999999,0.7140290210475,130.02510059475,0.2021089630931458,0.0,0.7978910369068541,0.7660922217047043,0.8054111433967549,0.841864801864802,0.1012881721698019,False
breast_cancer,569,30,0.6274165202108963,SVM,0.2,1,0.75425212237,0.7354485286725001,0.7448503255212501,123.10201941662498,0.1810193321616871,0.0,0.8189806678383128,0.7855457227138644,0.8243725024975024,0.8653098145635459,0.11105769219354589,False
breast_cancer,569,30,0.6274165202108963,SVM,0.2,2,0.7462342267825,0.745843526955,0.74603887686875,129.551528128625,0.1739894551845342,0.0,0.8260105448154658,0.7855767737928893,0.8201639718378482,0.8827876984126984,0.1365534716301985,False
breast_cancer,569,30,0.6274165202108963,SVM,0.2,3,0.72969086872,0.7012681805450001,0.7154795246325001,131.25328579325,0.2056239015817223,0.0,0.7943760984182777,0.7609843192050924,0.8054537288561512,0.8565501165501166,0.1268592478301166,False
breast_cancer,569,30,0.6274165202108963,GB,0.2,0,0.7995770552725,0.7623169028725001,0.7809469790725001,144.70335585062497,0.070298769771529,0.0,0.929701230228471,0.7380530973451327,0.7755664774713145,0.7932400932400933,-0.0063369620324067455,False
breast_cancer,569,30,0.6274165202108963,GB,0.2,1,0.79656556716,0.758601826185,0.7775836966725,137.92056374774998,0.0984182776801406,0.0,0.9015817223198594,0.7328830926874709,0.7749641496128084,0.7876074174581638,-0.008958149701836282,False
breast_cancer,569,30,0.6274165202108963,GB,0.2,2,0.7913089348225,0.7723096302400001,0.78180928253125,141.79828165487498,0.0808435852372583,0.0,0.9191564147627416,0.7381307250426952,0.7709301894094467,0.7943948412698413,0.0030859064473413023,False
breast_cancer,569,30,0.6274165202108963,GB,0.2,3,0.7852311520575,0.7407505691225001,0.7629908605900001,140.71512079412503,0.0843585237258348,0.0,0.9156414762741651,0.7170625679242354,0.7624463914922041,0.7893706293706293,0.004139477313129247,False
breast_cancer,569,30,0.6274165202108963,MLP,0.2,0,0.8287713629575001,0.81684828475,0.82280982385375,151.171429598625,0.0404217926186291,0.0,0.9595782073813708,0.7011799410029498,0.7508767961411352,0.781072261072261,-0.04769910188523907,False
breast_cancer,569,30,0.6274165202108963,MLP,0.2,1,0.8273114959975,0.8178470621125,0.822579279055,149.40838230375002,0.0456942003514938,0.0,0.954305799648506,0.6924080111783885,0.7430142880356293,0.7545906829488919,-0.07272081304860811,False
breast_cancer,569,30,0.6274165202108963,MLP,0.2,2,0.8267438940125,0.8253779781825001,0.8260609360975001,151.491919898,0.0421792618629174,0.0,0.9578207381370826,0.7187703772706102,0.756446110714743,0.7817460317460319,-0.04499786226646818,False
breast_cancer,569,30,0.6274165202108963,MLP,0.2,3,0.8225864124225,0.812132058605,0.81735923551375,150.68603486575,0.0544815465729349,0.0,0.945518453427065,0.6643688868188169,0.7080518454519592,0.7102097902097902,-0.11237662221270972,False
breast_cancer,569,30,0.6274165202108963,LR,0.3,0,0.6649265241650001,0.59585550524,0.6303910147025,125.548705947625,0.2882249560632688,0.0,0.7117750439367312,0.6625368731563421,0.7179356878928991,0.778125,0.11319847583499987,False
breast_cancer,569,30,0.6274165202108963,LR,0.3,1,0.6586249513775,0.5858778071325,0.622251379255,110.591794683125,0.3057996485061511,0.0,0.6942003514938488,0.6537649433317807,0.7157878680459325,0.78125,0.12262504862250001,False
breast_cancer,569,30,0.6274165202108963,LR,0.3,2,0.6472066090275,0.6229371734424999,0.635071891235,123.10817007600002,0.2882249560632688,0.0,0.7117750439367312,0.6782952957615277,0.7258385213838968,0.7960655737704918,0.14885896474299176,False
breast_cancer,569,30,0.6274165202108963,LR,0.3,3,0.65210201489,0.63923588797,0.64566895143,131.1369300405,0.2899824253075571,0.0,0.7100175746924429,0.6589659990684675,0.7090141591233221,0.7547875064004096,0.10268549151040962,False
breast_cancer,569,30,0.6274165202108963,RF,0.3,0,0.7879806405050002,0.7505097851549999,0.76924521283,138.94586401187496,0.0052724077328646,0.0,0.9947275922671354,0.6782797702220152,0.7229156951891648,0.75625,-0.031730640505000185,False
breast_cancer,569,30,0.6274165202108963,RF,0.3,1,0.7758972474325001,0.736045084285,0.75597116585875,132.24190897962498,0.0017574692442882,0.0,0.9982425307557118,0.6537183667132432,0.7020220612984815,0.73125,-0.04464724743250015,False
breast_cancer,569,30,0.6274165202108963,RF,0.3,2,0.7752684489974999,0.7512614276475,0.7632649383225,143.470040858875,0.0105448154657293,0.0,0.9894551845342706,0.6713088029809036,0.7083675336306914,0.7500546448087432,-0.02521380418875674,False
breast_cancer,569,30,0.6274165202108963,RF,0.3,3,0.77681790861,0.7550265760275,0.76592224231875,151.82435590375,0.0052724077328646,0.0,0.9947275922671354,0.6747865238317032,0.7206921483972742,0.7643113159242192,-0.012506592685780804,False
breast_cancer,569,30,0.6274165202108963,SVM,0.3,0,0.6886140946825,0.6432939426325,0.6659540186574999,127.23037801425,0.2355008787346221,0.0,0.7644991212653779,0.7010867877658749,0.7490075706827437,0.796875,0.10826090531749999,False
breast_cancer,569,30,0.6274165202108963,SVM,0.3,1,0.6704582257475,0.60900248511,0.63973035542875,116.017250337625,0.2653778558875219,0.0,0.7346221441124781,0.6871759043626767,0.7350635628782763,0.78125,0.11079177425249997,False
breast_cancer,569,30,0.6274165202108963,SVM,0.3,2,0.6590260181,0.6369807197749999,0.6480033689375,128.65534876212502,0.2460456942003515,0.0,0.7539543057996485,0.6835739791957771,0.7288354310969218,0.8027868852459017,0.14376086714590164,False
breast_cancer,569,30,0.6274165202108963,SVM,0.3,3,0.6765224417,0.6712569518925,0.67388969679625,140.190836287125,0.2460456942003515,0.0,0.7539543057996485,0.6871138022046266,0.7370624855601785,0.7930875576036867,0.11656511590368668,False
breast_cancer,569,30,0.6274165202108963,GB,0.3,0,0.7601029558600001,0.71401445285,0.7370587043550001,144.493515682125,0.0667838312829525,0.0,0.9332161687170476,0.6871448532836517,0.7250911404170699,0.75,-0.010102955860000096,False
breast_cancer,569,30,0.6274165202108963,GB,0.3,1,0.7391100095550001,0.6742027203025001,0.7066563649287501,127.893391440875,0.0790861159929701,0.0,0.92091388400703,0.6537649433317807,0.699160823689487,0.725,-0.01411000955500008,False
breast_cancer,569,30,0.6274165202108963,GB,0.3,2,0.7358257803475,0.7089118380325,0.72236880919,134.920257424,0.0808435852372583,0.0,0.9191564147627416,0.6274181027790715,0.6633079326705535,0.6943169398907104,-0.0415088404567896,False
breast_cancer,569,30,0.6274165202108963,GB,0.3,3,0.7437812470975,0.70492206586,0.72435165647875,145.10922949012502,0.0843585237258348,0.0,0.9156414762741651,0.6485173109765564,0.6897918152398242,0.7103942652329749,-0.033386981864525156,False
breast_cancer,569,30,0.6274165202108963,MLP,0.3,0,0.8168997836599999,0.79714290831,0.807021345985,147.47693611674998,0.0351493848857645,0.0,0.9648506151142356,0.5940381928272007,0.6339700060191426,0.634375,-0.1825247836599999,False
breast_cancer,569,30,0.6274165202108963,MLP,0.3,1,0.8104281852725,0.7798589801200001,0.7951435826962501,138.77777097837495,0.0175746924428822,0.0,0.9824253075571178,0.5607048594938674,0.6037449872071188,0.60625,-0.2041781852725001,False
breast_cancer,569,30,0.6274165202108963,MLP,0.3,2,0.7997093470025,0.79892149107,0.7993154190362499,142.04399625999997,0.0439367311072056,0.0,0.9560632688927944,0.5940226672876883,0.6233520073816651,0.628415300546448,-0.17129404645605195,False
breast_cancer,569,30,0.6274165202108963,MLP,0.3,3,0.80272375215,0.80523878614,0.803981269145,149.265287378,0.0351493848857645,0.0,0.9648506151142356,0.6273560006210216,0.6639691722584796,0.6687660010240655,-0.13395775112593455,False
phoneme,2000,5,0.2935,LR,0.0,0,0.521868239985,0.8122922432549999,0.6670802416199999,159.43011707825,0.23,0.0,0.77,0.7589999999999999,0.5442702464010087,0.4923366652180211,-0.029531574766978874,False
phoneme,2000,5,0.2935,LR,0.0,1,0.52078185764,0.8113824927250001,0.6660821751825,160.96241949,0.23,0.0,0.77,0.7589999999999999,0.5442702464010087,0.4923366652180211,-0.02844519242197885,False
phoneme,2000,5,0.2935,LR,0.0,2,0.5254672498699999,0.8151730576674999,0.67032015376875,160.02215518600002,0.23,0.0,0.77,0.7589999999999999,0.5442702464010087,0.4923366652180211,-0.03313058465197882,False
phoneme,2000,5,0.2935,LR,0.0,3,0.5227897539324999,0.8102196478625,0.6665047008975,160.30937928474998,0.2295,0.0,0.7705,0.7589999999999999,0.5442702464010087,0.4923366652180211,-0.030453088714478826,False
phoneme,2000,5,0.2935,RF,0.0,0,0.8121934998024999,0.918394251555,0.8652938756787499,168.554978150625,0.014,0.0,0.986,0.884,0.7986496356341604,0.7836882514848617,-0.028505248317638232,False
phoneme,2000,5,0.2935,RF,0.0,1,0.8121242669250001,0.917823736205,0.864974001565,167.661188530625,0.014,0.0,0.986,0.884,0.7986496356341604,0.7836882514848617,-0.028436015440138407,False
phoneme,2000,5,0.2935,RF,0.0,2,0.8125934718625001,0.917754736645,0.86517410425375,167.315929451625,0.014,0.0,0.986,0.884,0.7986496356341604,0.7836882514848617,-0.02890522037763843,False
phoneme,2000,5,0.2935,RF,0.0,3,0.8124080469225,0.9181695800375,0.86528881348,167.39730842175,0.014,0.0,0.986,0.884,0.7986496356341604,0.7836882514848617,-0.028719795437638362,False
phoneme,2000,5,0.2935,SVM,0.0,0,0.6667133240550001,0.8531717843675,0.75994255421125,151.503120919375,0.1465,0.0,0.8535,0.8275,0.7165907650316752,0.7428364479211936,0.07612312386619358,False
phoneme,2000,5,0.2935,SVM,0.0,1,0.6631885195950001,0.8511897794100001,0.7571891495025,151.50742897175002,0.1465,0.0,0.8535,0.8275,0.7165907650316752,0.7428364479211936,0.0796479283261935,False
phoneme,2000,5,0.2935,SVM,0.0,2,0.6625776714,0.8545348218825001,0.7585562466412501,150.80307943937504,0.148,0.0,0.852,0.8275,0.7165907650316752,0.7428364479211936,0.08025877652119362,False
phoneme,2000,5,0.2935,SVM,0.0,3,0.6652140638549999,0.85688826902,0.7610511664374999,151.605255353,0.1475,0.0,0.8525,0.8275,0.7165907650316752,0.7428364479211936,0.0776223840661937,False
phoneme,2000,5,0.2935,GB,0.0,0,0.688056535425,0.87438927483,0.7812229051274999,165.628536095875,0.097,0.0,0.903,0.8540000000000001,0.748039701276719,0.737722729248153,0.04966619382315296,False
phoneme,2000,5,0.2935,GB,0.0,1,0.6879298277524999,0.8736343356024999,0.7807820816775,165.03280894687498,0.097,0.0,0.903,0.8540000000000001,0.748039701276719,0.737722729248153,0.049792901495653075,False
phoneme,2000,5,0.2935,GB,0.0,2,0.69113436329,0.8702512404475001,0.78069280186875,164.813000094375,0.0965,0.0,0.9035,0.8540000000000001,0.748039701276719,0.737722729248153,0.046588365958152966,False
phoneme,2000,5,0.2935,GB,0.0,3,0.683862827505,0.87373156601,0.7787971967575,164.45559947962502,0.0975,0.0,0.9025,0.8540000000000001,0.748039701276719,0.737722729248153,0.053859901743152916,False
phoneme,2000,5,0.2935,MLP,0.0,0,0.7789276582675,0.8948161007275001,0.8368718794975001,143.904971083625,0.088,0.0,0.912,0.8640000000000001,0.7616706320237183,0.7411705055772851,-0.037757152690214846,False
phoneme,2000,5,0.2935,MLP,0.0,1,0.7742620109925,0.8910091428650001,0.8326355769287501,144.035227824875,0.0875,0.0,0.9125,0.8640000000000001,0.7616706320237183,0.7411705055772851,-0.033091505415214884,False
phoneme,2000,5,0.2935,MLP,0.0,2,0.7738497010450001,0.8919931485375,0.83292142479125,143.325994722375,0.088,0.0,0.912,0.8640000000000001,0.7616706320237183,0.7411705055772851,-0.03267919546771492,False
phoneme,2000,5,0.2935,MLP,0.0,3,0.7799732709875,0.8927659486625,0.836369609825,143.72431847725,0.0875,0.0,0.9125,0.8640000000000001,0.7616706320237183,0.7411705055772851,-0.03880276541021488,False
phoneme,2000,5,0.2935,LR,0.1,0,0.4222092872025,0.7200818681250001,0.5711455776637501,161.536710871375,0.029,0.0,0.971,0.6984999999999999,0.4417481368229433,0.3655196711685261,-0.05668961603397393,False
phoneme,2000,5,0.2935,LR,0.1,1,0.4896958256374999,0.739729350795,0.61471258821625,161.864956617375,0.285,0.0,0.7150000000000001,0.702,0.4800767292102731,0.406590413943355,-0.08310541169414493,False
phoneme,2000,5,0.2935,LR,0.1,2,0.46814319863,0.7601732217375,0.61415821018375,155.188479056625,0.289,0.0,0.7110000000000001,0.7084999999999999,0.4603248525008129,0.3897268700787402,-0.0784163285512598,False
phoneme,2000,5,0.2935,LR,0.1,3,0.48497226427,0.7448163821324999,0.6148943232012499,161.525026738625,0.2895,0.0,0.7105,0.7115,0.5002789995685067,0.433295926383122,-0.05167633788687803,False
phoneme,2000,5,0.2935,RF,0.1,0,0.7473184604524999,0.8499449499449999,0.7986317051987499,165.62724204237497,0.02,0.0,0.98,0.7819999999999999,0.6313458879057763,0.5735173223722841,-0.1738011380802158,False
phoneme,2000,5,0.2935,RF,0.1,1,0.7610901958525,0.8552763827475,0.8081832893,166.26586258724998,0.02,0.0,0.98,0.7885,0.6636272008803521,0.6141830065359477,-0.14690718931655233,False
phoneme,2000,5,0.2935,RF,0.1,2,0.7475582473249999,0.861090181715,0.8043242145199999,160.15341832212502,0.0195,0.0,0.9805,0.8055,0.6740819593035078,0.6291707677165355,-0.11838747960846441,False
phoneme,2000,5,0.2935,RF,0.1,3,0.7545444997224999,0.8573817776725,0.8059631386974999,166.81603413675,0.0255,0.0,0.9745,0.7975,0.6726444199814617,0.625227247222534,-0.12931725249996595,False
phoneme,2000,5,0.2935,SVM,0.1,0,0.552091453195,0.76073562704,0.6564135401175,153.40630807325,0.228,0.0,0.772,0.751,0.6013261421070163,0.5734351145038168,0.02134366130881682,False
phoneme,2000,5,0.2935,SVM,0.1,1,0.589285682045,0.7636498227875,0.67646775241625,156.93539720975002,0.224,0.0,0.776,0.751,0.616635735745283,0.5906535947712419,0.0013679127262419266,False
phoneme,2000,5,0.2935,SVM,0.1,2,0.54932765064,0.77190609139,0.660616871015,153.8429243705,0.224,0.0,0.776,0.7569999999999999,0.6042683839455057,0.580634842519685,0.031307191879685003,False
phoneme,2000,5,0.2935,SVM,0.1,3,0.5861289589324999,0.7706725004350001,0.67840072968375,157.2503587625,0.217,0.0,0.783,0.7695000000000001,0.6374248615441795,0.6072494669509594,0.02112050801845944,False
phoneme,2000,5,0.2935,GB,0.1,0,0.5910747248475,0.786298227945,0.68868647639625,162.7328703795,0.1745,0.0,0.8255,0.7725,0.6134493077178945,0.5536582501467997,-0.03741647470070031,False
phoneme,2000,5,0.2935,GB,0.1,1,0.5943895914649999,0.7830701845525,0.68872988800875,164.477373344,0.1705,0.0,0.8295,0.763,0.6198839775500223,0.5700326797385621,-0.024356911726437835,False
phoneme,2000,5,0.2935,GB,0.1,2,0.5766543401775,0.804430337675,0.6905423389262499,158.994808314875,0.174,0.0,0.8260000000000001,0.7685,0.6026197425102648,0.5493971456692913,-0.027257194508208626,False
phoneme,2000,5,0.2935,GB,0.1,3,0.6013610310325,0.79848192291,0.6999214769712501,162.713318022375,0.1685,0.0,0.8315,0.7759999999999999,0.6357857777257244,0.5877903714510155,-0.013570659581484512,False
phoneme,2000,5,0.2935,MLP,0.1,0,0.669505514385,0.80001830534,0.7347619098625,129.61689394537498,0.1655,0.0,0.8345,0.764,0.6086575466221676,0.5643687610099823,-0.1051367533750176,False
phoneme,2000,5,0.2935,MLP,0.1,1,0.6925499533775,0.8011249665600001,0.7468374599687501,125.135258119875,0.1525,0.0,0.8475,0.7675,0.6350263178221982,0.5964596949891068,-0.09609025838839325,False
phoneme,2000,5,0.2935,MLP,0.1,2,0.6754668824575,0.8053962564374999,0.7404315694474999,124.609836675125,0.1565,0.0,0.8435,0.7795,0.6261178230066726,0.5774975393700787,-0.09796934308742122,False
phoneme,2000,5,0.2935,MLP,0.1,3,0.6951647246975,0.8049578050299999,0.7500612648637499,125.51907072975,0.1545,0.0,0.8455,0.778,0.6422088882330786,0.6013690943777353,-0.09379563031976468,False
phoneme,2000,5,0.2935,LR,0.2,0,0.40325596251,0.6301186665399999,0.5166873145249999,164.858753791375,0.015,0.0,0.985,0.6365000000000001,0.3910192272594729,0.3087574067619379,-0.0944985557480621,False
phoneme,2000,5,0.2935,LR,0.2,1,0.40179655433,0.6323953769725,0.51709596565125,165.31795346975,0.02,0.0,0.98,0.6455,0.4071188981699252,0.3231788079470198,-0.07861774638298019,False
phoneme,2000,5,0.2935,LR,0.2,2,0.427255734405,0.6849782715,0.5561170029525,161.7842875425,0.0315,0.0,0.9685,0.6675,0.4229107517949454,0.3412587412587412,-0.08599699314625875,False
phoneme,2000,5,0.2935,LR,0.2,3,0.4531281180424999,0.641203988695,0.5471660533687499,164.46391770175,0.026,0.0,0.974,0.6495,0.4605362164514776,0.381920627143557,-0.0712074908989429,False
phoneme,2000,5,0.2935,RF,0.2,0,0.7210134894325001,0.805301575375,0.7631575324037501,163.74369864100004,0.0095,0.0,0.9905,0.6705,0.5151759014313814,0.4630881840362496,-0.2579253053962505,False
phoneme,2000,5,0.2935,RF,0.2,1,0.72750722905,0.8122680908600001,0.769887659955,167.297790334875,0.009,0.0,0.991,0.6809999999999999,0.5207353477076101,0.4596026490066225,-0.26790458004337747,False
phoneme,2000,5,0.2935,RF,0.2,2,0.7157406171499999,0.8201395612824999,0.7679400892162499,163.32405593837498,0.013,0.0,0.987,0.694,0.5208367954270305,0.4657342657342657,-0.25000635141573424,False
phoneme,2000,5,0.2935,RF,0.2,3,0.73277046638,0.8033301748399999,0.76805032061,164.9955522235,0.011,0.0,0.989,0.687,0.5659460579050333,0.5211170994610484,-0.21165336691895154,False
phoneme,2000,5,0.2935,SVM,0.2,0,0.5234307228274999,0.6880672354825,0.6057489791549999,158.625552943125,0.297,0.0,0.7030000000000001,0.682,0.5193837804861754,0.4538602300453119,-0.06957049278218802,False
phoneme,2000,5,0.2935,SVM,0.2,1,0.4824174283825,0.6638471504925001,0.5731322894375,161.710332407625,0.022,0.0,0.978,0.6795000000000001,0.5163819858596004,0.4543046357615894,-0.0281127926209106,False
phoneme,2000,5,0.2935,SVM,0.2,2,0.4153396924674999,0.6526377604775,0.5339887264725,160.7831028685,0.0075,0.0,0.9925,0.682,0.4811696424547831,0.413986013986014,-0.0013536784814859315,False
phoneme,2000,5,0.2935,SVM,0.2,3,0.53353818347,0.683490096255,0.6085141398625,159.157776689125,0.298,0.0,0.702,0.6769999999999999,0.5543506276013312,0.513506451086069,-0.020031732383931078,False
phoneme,2000,5,0.2935,GB,0.2,0,0.5439040444675,0.717411021695,0.63065753308125,165.574512429625,0.227,0.0,0.773,0.6795,0.5079549349912249,0.4380794701986755,-0.10582457426882447,False
phoneme,2000,5,0.2935,GB,0.2,1,0.5390809398574999,0.7185745632025,0.62882775153,165.62136591650005,0.232,0.0,0.768,0.682,0.5051759766892437,0.4304635761589403,-0.10861736369855962,False
phoneme,2000,5,0.2935,GB,0.2,2,0.5391413287825001,0.7380461827825,0.6385937557825001,162.54580114824998,0.2265,0.0,0.7735,0.698,0.5059122035733891,0.4335664335664336,-0.1055748952160665,False
phoneme,2000,5,0.2935,GB,0.2,3,0.56500245155,0.7098138602374999,0.6374081558937499,165.247138565375,0.227,0.0,0.773,0.6925,0.5566511876037865,0.4943491752408949,-0.07065327630910506,False
phoneme,2000,5,0.2935,MLP,0.2,0,0.6014049393,0.7312547886224999,0.66632986396125,123.040748390625,0.2285,0.0,0.7715,0.672,0.5123874231841039,0.4579295921924015,-0.14347534710759857,False
phoneme,2000,5,0.2935,MLP,0.2,1,0.6320792481225,0.73204873714,0.68206399263125,129.213433032375,0.224,0.0,0.776,0.688,0.5356033527833202,0.47682119205298,-0.15525805606952003,False
phoneme,2000,5,0.2935,MLP,0.2,2,0.597871684445,0.7573702910525001,0.67762098774875,133.604125308625,0.224,0.0,0.776,0.696,0.5203189030539634,0.4615384615384615,-0.13633322290653854,False
phoneme,2000,5,0.2935,MLP,0.2,3,0.6278623962325001,0.7293159288475,0.67858916254,126.383808558125,0.2255,0.0,0.7745,0.674,0.5449602959262132,0.4968561162828678,-0.13100627994963226,False
phoneme,2000,5,0.2935,LR,0.3,0,0.4528335918425,0.6095393177075,0.531186454775,164.61910013824996,0.02,0.0,0.98,0.602,0.3741595788338717,0.2853690209941563,-0.1674645708483437,False
phoneme,2000,5,0.2935,LR,0.3,1,0.4498395174475,0.6040820064975001,0.5269607619725001,164.87519224975,0.017,0.0,0.983,0.601,0.376501357765587,0.2872754491017964,-0.16256406834570358,False
phoneme,2000,5,0.2935,LR,0.3,2,0.4425786668475,0.6253372443324999,0.53395795559,164.30417651924998,0.014,0.0,0.986,0.617,0.4056051288367229,0.3198787969474786,-0.12269986990002141,False
phoneme,2000,5,0.2935,LR,0.3,3,0.4593569553025,0.5925676350325,0.5259622951675,163.775506709125,0.012,0.0,0.988,0.599,0.4160337718707099,0.3341153270773833,-0.1252416282251167,False
phoneme,2000,5,0.2935,RF,0.3,0,0.71514206216,0.7787961716274999,0.74696911689375,168.77114680975,0.007,0.0,0.993,0.5965,0.4627330662661345,0.4197749080152947,-0.29536715414470527,False
phoneme,2000,5,0.2935,RF,0.3,1,0.71492050979,0.7791290703024999,0.7470247900462499,168.00922006474997,0.006,0.0,0.994,0.589,0.4522612613458476,0.4053108069575135,-0.3096097028324865,False
phoneme,2000,5,0.2935,RF,0.3,2,0.7052791781925,0.787314989215,0.7462970837037499,166.548621334375,0.007,0.0,0.993,0.601,0.4546452180448543,0.4094269040849917,-0.29585227410750825,False
phoneme,2000,5,0.2935,RF,0.3,3,0.72208324079,0.7727649548375,0.74742409781375,168.12891068300002,0.0055,0.0,0.9945,0.5984999999999999,0.4889707686748722,0.4485924112607099,-0.27349082952929005,False
phoneme,2000,5,0.2935,SVM,0.3,0,0.498523319625,0.6321495979875,0.56533645880625,160.119403113,0.355,0.0,0.645,0.616,0.4430062067022241,0.3657023302792006,-0.1328209893457994,False
phoneme,2000,5,0.2935,SVM,0.3,1,0.5090843933475,0.6251255355074999,0.5671049644274999,156.812955626375,0.359,0.0,0.641,0.6174999999999999,0.4228519392853164,0.3361990305104078,-0.17288536283709222,False
phoneme,2000,5,0.2935,SVM,0.3,2,0.4626148583275,0.6217761596425,0.542195508985,160.75023513862502,0.015,0.0,0.985,0.625,0.4329389466913295,0.3504788268741583,-0.11213603145334167,False
phoneme,2000,5,0.2935,SVM,0.3,3,0.5139335389,0.6167486381075,0.56534108850375,155.0986328005,0.3525,0.0,0.6475,0.616,0.4794987830330551,0.4135998912008704,-0.10033364769912967,False
phoneme,2000,5,0.2935,GB,0.3,0,0.5338992496125,0.6605156153475,0.5972074324800001,166.37100335575002,0.2555,0.0,0.7444999999999999,0.615,0.4607279791031109,0.3944881321693961,-0.13941111744310392,False
phoneme,2000,5,0.2935,GB,0.3,1,0.5320949930825,0.6554985358875,0.593796764485,163.45774808500002,0.2485,0.0,0.7515000000000001,0.6039999999999999,0.4152399958045651,0.3361633875106929,-0.19593160557180705,False
phoneme,2000,5,0.2935,GB,0.3,2,0.5253220079400001,0.67276841264,0.59904521029,162.601871915125,0.247,0.0,0.753,0.6265,0.45440065306786,0.3811536734999252,-0.14416833444007487,False
phoneme,2000,5,0.2935,GB,0.3,3,0.543655871485,0.6523894647699999,0.5980226681275,163.330236690125,0.2525,0.0,0.7475,0.623,0.4980733575179691,0.4381476948184414,-0.10550817666655865,False
phoneme,2000,5,0.2935,MLP,0.3,0,0.5815641589725,0.6847403439525,0.6331522514625001,116.8935618245,0.2665,0.0,0.7335,0.6015,0.4715630754860186,0.429355746338648,-0.15220841263385204,False
phoneme,2000,5,0.2935,MLP,0.3,1,0.5986662740500001,0.685786898425,0.6422265862375001,123.63994883499998,0.253,0.0,0.747,0.6,0.4450595372386081,0.3826204733390362,-0.21604580071096385,False
phoneme,2000,5,0.2935,MLP,0.3,2,0.5681600912425,0.705595552805,0.63687782202375,132.39658467712502,0.263,0.0,0.737,0.612,0.4619060044108968,0.4081400568606913,-0.16002003438180867,False
phoneme,2000,5,0.2935,MLP,0.3,3,0.5944253172374999,0.672763035075,0.63359417615625,115.7412677205,0.252,0.0,0.748,0.599,0.4924366611352703,0.454501563987488,-0.13992375325001194,False
banknote,1372,4,0.4446064139941691,LR,0.0,0,0.94573096024,0.97047631298,0.95810363661,172.68640876512498,0.0182215743440233,0.0,0.9817784256559768,0.9817783676177836,0.9798934033537772,0.99672131147541,0.05099035123540996,False
banknote,1372,4,0.4446064139941691,LR,0.0,1,0.94587196618,0.970640307625,0.9582561369025,174.589882204875,0.0182215743440233,0.0,0.9817784256559768,0.9817783676177836,0.9798934033537772,0.99672131147541,0.050849345295409965,False
banknote,1372,4,0.4446064139941691,LR,0.0,2,0.945302319435,0.9691058294375,0.95720407443625,174.01890203725,0.0182215743440233,0.0,0.9817784256559768,0.9817783676177836,0.9798934033537772,0.99672131147541,0.051418992040410005,False
banknote,1372,4,0.4446064139941691,LR,0.0,3,0.944701668655,0.9691824085725,0.95694203861375,174.070018434875,0.0182215743440233,0.0,0.9817784256559768,0.9817783676177836,0.9798934033537772,0.99672131147541,0.05201964282040994,False
banknote,1372,4,0.4446064139941691,RF,0.0,0,0.9795646962275,0.9812052732725,0.98038498475,170.76249415725,0.0,0.0,1.0,0.994171201061712,0.9934626421540228,0.99672131147541,0.017156615247910012,False
banknote,1372,4,0.4446064139941691,RF,0.0,1,0.9795646967325,0.981220294505,0.98039249561875,173.01575248625002,0.0,0.0,1.0,0.994171201061712,0.9934626421540228,0.99672131147541,0.01715661474290997,False
banknote,1372,4,0.4446064139941691,RF,0.0,2,0.979653564075,0.981189577235,0.980421570655,170.995757564125,0.0,0.0,1.0,0.994171201061712,0.9934626421540228,0.99672131147541,0.01706774740040995,False
banknote,1372,4,0.4446064139941691,RF,0.0,3,0.979589633025,0.9812478227475,0.98041872788625,173.868539767125,0.0,0.0,1.0,0.994171201061712,0.9934626421540228,0.99672131147541,0.01713167845040997,False
banknote,1372,4,0.4446064139941691,SVM,0.0,0,0.9867046065175,0.9867860187325,0.986745312625,169.371061096875,0.0,0.0,1.0,1.0,1.0,1.0,0.013295393482499973,False
banknote,1372,4,0.4446064139941691,SVM,0.0,1,0.9867375896325,0.986743960395,0.98674077501375,169.20681094175,0.0,0.0,1.0,1.0,1.0,1.0,0.013262410367499977,False
banknote,1372,4,0.4446064139941691,SVM,0.0,2,0.9866961954325,0.9867554166,0.98672580601625,168.4012077355,0.0,0.0,1.0,1.0,1.0,1.0,0.013303804567500022,False
banknote,1372,4,0.4446064139941691,SVM,0.0,3,0.9867467035425,0.9868037339275,0.986775218735,169.60309372199998,0.0,0.0,1.0,1.0,1.0,1.0,0.013253296457499952,False
banknote,1372,4,0.4446064139941691,GB,0.0,0,0.98258755555,0.9850829269375,0.98383524124375,171.05969998799998,0.0,0.0,1.0,0.9956257465162576,0.9950751658688166,0.9950819672131148,0.012494411663114824,False
banknote,1372,4,0.4446064139941691,GB,0.0,1,0.9825888472725,0.9849979612625,0.9837934042675,170.5633190155,0.0,0.0,1.0,0.9956257465162576,0.9950751658688166,0.9950819672131148,0.01249311994061486,False
banknote,1372,4,0.4446064139941691,GB,0.0,2,0.9826727821925,0.98506083008,0.98386680613625,171.64453604762502,0.0,0.0,1.0,0.9956257465162576,0.9950751658688166,0.9950819672131148,0.012409185020614832,False
banknote,1372,4,0.4446064139941691,GB,0.0,3,0.9826412461275,0.98504610126,0.98384367369375,171.331675385875,0.0,0.0,1.0,0.9956257465162576,0.9950751658688166,0.9950819672131148,0.012440721085614781,False
banknote,1372,4,0.4446064139941691,MLP,0.0,0,0.9865768677475,0.9867712750325,0.98667407139,169.676941456625,0.0,0.0,1.0,1.0,1.0,1.0,0.013423132252500025,False
banknote,1372,4,0.4446064139941691,MLP,0.0,1,0.9865672090075,0.9867921080075,0.9866796585075,169.23011834325,0.0,0.0,1.0,1.0,1.0,1.0,0.013432790992500054,False
banknote,1372,4,0.4446064139941691,MLP,0.0,2,0.98653050421,0.98686208738,0.986696295795,170.165751346,0.0,0.0,1.0,1.0,1.0,1.0,0.013469495790000008,False
banknote,1372,4,0.4446064139941691,MLP,0.0,3,0.98652914816,0.98677434138,0.98665174477,169.260956307125,0.0,0.0,1.0,1.0,1.0,1.0,0.013470851839999964,False
banknote,1372,4,0.4446064139941691,LR,0.1,0,0.7623399932899999,0.8141964365300001,0.78826821491,155.99255217324998,0.119533527696793,0.0,0.880466472303207,0.8797903118779031,0.8542569082523019,0.8774193548387096,0.11507936154870968,False
banknote,1372,4,0.4446064139941691,LR,0.1,1,0.7600766644150001,0.8100956153125001,0.7850861398637501,156.37007455699998,0.1137026239067055,0.0,0.8862973760932945,0.8863463835434638,0.8629480203346669,0.8838709677419356,0.12379430332693553,False
banknote,1372,4,0.4446064139941691,LR,0.1,2,0.766175009,0.80102630948,0.78360065924,152.24084752275002,0.118804664723032,0.0,0.8811953352769679,0.8834452554744526,0.8580909780862443,0.8793650793650795,0.11319007036507944,False
banknote,1372,4,0.4446064139941691,LR,0.1,3,0.7702560703500001,0.814200568315,0.7922283193325,150.79818097100002,0.1275510204081632,0.0,0.8724489795918368,0.874694094226941,0.8437819257203237,0.8687999999999999,0.0985439296499998,False
banknote,1372,4,0.4446064139941691,RF,0.1,0,0.857474640885,0.8682019675074999,0.86283830419625,167.450281836625,0.0517492711370262,0.0,0.9482507288629738,0.8768706038487061,0.8489966022751414,0.8661290322580644,0.00865439137306434,False
banknote,1372,4,0.4446064139941691,RF,0.1,1,0.8534969525575,0.8761831734025,0.8648400629799999,165.871748199,0.0510204081632653,0.0,0.9489795918367347,0.8834134041141342,0.8571015508663031,0.864516129032258,0.01101917647475803,False
banknote,1372,4,0.4446064139941691,RF,0.1,2,0.8659142642375,0.86411027752,0.86501227087875,162.52802237437498,0.0510204081632653,0.0,0.9489795918367347,0.8878035832780358,0.8607986089679454,0.8634285714285713,-0.00248569280892863,False
banknote,1372,4,0.4446064139941691,RF,0.1,3,0.8486596759375,0.8559457285450001,0.85230270224125,163.79378321775002,0.064868804664723,0.0,0.935131195335277,0.8768732581287326,0.8438050174694907,0.8560000000000001,0.00734032406250007,False
banknote,1372,4,0.4446064139941691,SVM,0.1,0,0.7930028481125,0.8128378409425001,0.8029203445275,154.297560357875,0.1042274052478134,0.0,0.8957725947521866,0.8943623092236231,0.8674882244370616,0.8774193548387096,0.0844165067262096,False
banknote,1372,4,0.4446064139941691,SVM,0.1,1,0.7920179424825,0.8164459123525001,0.8042319274175,154.15419395675002,0.1005830903790087,0.0,0.8994169096209913,0.8987365627073656,0.8733841775754125,0.882258064516129,0.09024012203362897,False
banknote,1372,4,0.4446064139941691,SVM,0.1,2,0.8150387863025,0.814650588655,0.81484468747875,153.451165612375,0.0991253644314868,0.0,0.9008746355685132,0.9002043795620438,0.8738391933763603,0.8793650793650795,0.06432629306257942,False
banknote,1372,4,0.4446064139941691,SVM,0.1,3,0.8019431167400001,0.8124686605125,0.8072058886262501,149.95548097975,0.1122448979591836,0.0,0.8877551020408163,0.8878115461181155,0.8564453025324879,0.8687999999999999,0.06685688325999983,False
banknote,1372,4,0.4446064139941691,GB,0.1,0,0.8079808606200001,0.8372553833575,0.8226181219887501,163.733009719125,0.1020408163265306,0.0,0.8979591836734694,0.8841592568015926,0.8570261449474839,0.8693548387096774,0.06137397808967737,False
banknote,1372,4,0.4446064139941691,GB,0.1,1,0.8161460519425,0.84261241856,0.82937923525125,163.431584386125,0.097667638483965,0.0,0.902332361516035,0.8848706038487061,0.8594780974239071,0.862916129032258,0.046770077089758,False
banknote,1372,4,0.4446064139941691,GB,0.1,2,0.8194272352074999,0.8317657385375,0.8255964868725,157.2575728155,0.0947521865889212,0.0,0.9052478134110788,0.8812528201725283,0.8514472949980896,0.8538920634920636,0.03446482828456365,False
banknote,1372,4,0.4446064139941691,GB,0.1,3,0.8176294938775,0.8280813174299999,0.8228554056537499,157.28220777887498,0.1027696793002915,0.0,0.8972303206997084,0.8768838752488387,0.8422129754076065,0.8528,0.035170506122500056,False
banknote,1372,4,0.4446064139941691,MLP,0.1,0,0.8237396227325,0.83122254457,0.8274810836512501,148.77417985,0.1013119533527696,0.0,0.8986880466472303,0.8921751824817518,0.8650848567394538,0.8758064516129032,0.05206682888040315,False
banknote,1372,4,0.4446064139941691,MLP,0.1,1,0.819105638455,0.8412838845349999,0.8301947614949999,146.68537781637502,0.0983965014577259,0.0,0.901603498542274,0.9009236894492368,0.8757682157200228,0.882258064516129,0.06315242606112903,False
banknote,1372,4,0.4446064139941691,MLP,0.1,2,0.83752769984,0.840754178015,0.8391409389275,144.27439647912502,0.0962099125364431,0.0,0.9037900874635568,0.9031214333112144,0.8767431597528684,0.8793650793650795,0.04183737952507949,False
banknote,1372,4,0.4446064139941691,MLP,0.1,3,0.8054862091899999,0.828369323185,0.8169277661875,138.28266789987498,0.108600583090379,0.0,0.891399416909621,0.8899986728599867,0.8585223574182563,0.8687999999999999,0.06331379080999999,False
banknote,1372,4,0.4446064139941691,LR,0.2,0,0.665749143705,0.6991030446575001,0.6824260941812501,155.257033423125,0.2244897959183673,0.0,0.7755102040816326,0.7734598540145984,0.6954287889952229,0.749618320610687,0.08386917690568696,False
banknote,1372,4,0.4446064139941691,LR,0.2,1,0.681264752,0.725201199295,0.7032329756475,155.85628521262498,0.2120991253644314,0.0,0.7879008746355685,0.7909276708692767,0.7090074480334991,0.7703248031496063,0.08906005114960625,False
banknote,1372,4,0.4446064139941691,LR,0.2,2,0.69010275783,0.7138243603575,0.70196355909375,150.49947807375,0.2106413994169096,0.0,0.7893586005830904,0.7924007962840081,0.7106917475589114,0.7697085357390702,0.0796057779090702,False
banknote,1372,4,0.4446064139941691,LR,0.2,3,0.6682297904,0.7055497341800001,0.6868897622900001,150.208009335875,0.2215743440233236,0.0,0.7784256559766763,0.7763503649635036,0.7010321263179418,0.7565649224806201,0.08833513208062016,False
banknote,1372,4,0.4446064139941691,RF,0.2,0,0.7978313655825,0.7986734805150001,0.79825242304875,161.082186413,0.0466472303206997,0.0,0.9533527696793004,0.7216509621765096,0.6384374693791335,0.686635349383441,-0.11119601619905906,False
banknote,1372,4,0.4446064139941691,RF,0.2,1,0.7900709345225,0.81614234337,0.80310663894625,161.25032585125,0.0575801749271137,0.0,0.9424198250728864,0.7391320504313205,0.6456492185641546,0.6901205708661416,-0.09995036365635834,False
banknote,1372,4,0.4446064139941691,RF,0.2,2,0.8047583292224999,0.8074191324800001,0.80608873085125,158.35460963875,0.0495626822157434,0.0,0.9504373177842566,0.7530059721300597,0.6640098665728376,0.7087207957436965,-0.0960375334788034,False
banknote,1372,4,0.4446064139941691,RF,0.2,3,0.7819911341425,0.8001784981200001,0.79108481613125,156.55761859199998,0.0473760932944606,0.0,0.9526239067055392,0.7296642335766423,0.6465250485419227,0.7035610465116279,-0.07843008763087211,False
banknote,1372,4,0.4446064139941691,SVM,0.2,0,0.6986159035375,0.7142519030225,0.70643390328,153.0369165215,0.2150145772594752,0.0,0.7849854227405247,0.7807405441274053,0.7031249455747423,0.7480798590722255,0.04946395553472549,False
banknote,1372,4,0.4446064139941691,SVM,0.2,1,0.6968624253425001,0.7219158623849998,0.70938914386375,155.496024394125,0.1989795918367347,0.0,0.8010204081632653,0.8018553417385533,0.7158346742952499,0.76875,0.07188757465749995,False
banknote,1372,4,0.4446064139941691,SVM,0.2,2,0.7165235179775,0.71627333774,0.7163984278587501,153.33175137525,0.1902332361516035,0.0,0.8097667638483965,0.8069754479097545,0.7232008495073994,0.7697085357390702,0.05318501776157014,False
banknote,1372,4,0.4446064139941691,SVM,0.2,3,0.694062192125,0.712081391025,0.703071791575,150.505492047125,0.2120991253644314,0.0,0.7879008746355685,0.785828798938288,0.7037223057980648,0.7534883720930232,0.05942617996802324,False
banknote,1372,4,0.4446064139941691,GB,0.2,0,0.7146759711625,0.731650402975,0.72316318706875,158.81959002937498,0.1989795918367347,0.0,0.8010204081632653,0.7617597876575979,0.6837659438426495,0.7265531415149736,0.011877170352473598,False
banknote,1372,4,0.4446064139941691,GB,0.2,1,0.7201080176800001,0.7410527198750001,0.7305803687775001,156.73930749699997,0.1829446064139941,0.0,0.8170553935860059,0.7602760451227606,0.6706276427265832,0.7136811023622047,-0.006426915317795379,False
banknote,1372,4,0.4446064139941691,GB,0.2,2,0.7297872020075,0.741194010125,0.73549060606625,154.23887848875,0.1807580174927113,0.0,0.8192419825072886,0.7807113470471134,0.6949408967271864,0.7361323155216286,0.006345113514128586,False
banknote,1372,4,0.4446064139941691,GB,0.2,3,0.7102250446099999,0.7247554054425,0.7174902250262499,152.11438685487502,0.2026239067055393,0.0,0.7973760932944607,0.7654094226940942,0.682248412999438,0.7332122093023256,0.022987164692325646,False
banknote,1372,4,0.4446064139941691,MLP,0.2,0,0.72633828283,0.7207642462649999,0.7235512645475,134.967232345625,0.2055393586005831,0.0,0.7944606413994169,0.7698049104180491,0.685277889106698,0.7358191426893717,0.009480859859371638,False
banknote,1372,4,0.4446064139941691,MLP,0.2,1,0.73140689767,0.74271407088,0.7370604842749999,143.83117258262502,0.1946064139941691,0.0,0.8053935860058309,0.7931041804910418,0.7055562229937807,0.7514886811023622,0.02008178343236222,False
banknote,1372,4,0.4446064139941691,MLP,0.2,2,0.7337363672174999,0.7429062922299999,0.7383213297237499,135.725759527875,0.1880466472303207,0.0,0.8119533527696793,0.8040557398805575,0.7177348800851204,0.7620865139949109,0.02835014677741099,False
banknote,1372,4,0.4446064139941691,MLP,0.2,3,0.7144297118474999,0.7365399777074999,0.7254848447775,130.9009541975,0.2033527696793003,0.0,0.7966472303206997,0.7865507631055076,0.707666758462352,0.7550266472868217,0.040596935439321746,False
banknote,1372,4,0.4446064139941691,LR,0.3,0,0.6078947096125,0.6370558365300001,0.6224752730712501,155.083790913,0.3017492711370262,0.0,0.6982507288629738,0.6976828135368282,0.6060108331485521,0.6677489177489178,0.05985420813641773,False
banknote,1372,4,0.4446064139941691,LR,0.3,1,0.594373137095,0.6321945113274999,0.6132838242112499,156.0286583115,0.3170553935860058,0.0,0.6829446064139941,0.6823808891838089,0.5739800677056285,0.6488314738696418,0.05445833677464185,False
banknote,1372,4,0.4446064139941691,LR,0.3,2,0.6008908533349999,0.63263329996,0.6167620766474999,154.344673323125,0.3185131195335277,0.0,0.6814868804664723,0.6831187790311878,0.577863752747845,0.6496126680337206,0.04872181469872072,False
banknote,1372,4,0.4446064139941691,LR,0.3,3,0.607360667095,0.6315664861925,0.61946357664375,154.955818798625,0.3090379008746355,0.0,0.6909620991253644,0.6918540145985401,0.6027332175315607,0.6682627804765209,0.06090211338152085,False
banknote,1372,4,0.4446064139941691,RF,0.3,0,0.7526840149375,0.7658867045125001,0.759285359725,157.59413028999998,0.0371720116618075,0.0,0.9628279883381924,0.6123238221632382,0.5281464382246182,0.5753360674413306,-0.17734794749616944,False
banknote,1372,4,0.4446064139941691,RF,0.3,1,0.7489028001474999,0.7751455422300001,0.76202417118875,158.65044790437503,0.0255102040816326,0.0,0.9744897959183674,0.6093749170537491,0.5344596503506466,0.5687492660011744,-0.1801535341463255,False
banknote,1372,4,0.4446064139941691,RF,0.3,2,0.7481758586925,0.7650356318725,0.7566057452825,158.136364709625,0.0291545189504373,0.0,0.9708454810495628,0.5962680822826808,0.5270124053705507,0.5721690590111643,-0.1760067996813357,False
banknote,1372,4,0.4446064139941691,RF,0.3,3,0.75204822755,0.7653808752975,0.75871455142375,156.78333181475,0.0276967930029154,0.0,0.9723032069970844,0.6210829462508295,0.5290224376461262,0.5766712930835067,-0.17537693446649327,False
banknote,1372,4,0.4446064139941691,SVM,0.3,0,0.625072964125,0.6412255298474999,0.63314924698625,154.639701916,0.2981049562682216,0.0,0.7018950437317784,0.6991373589913736,0.6070980845287063,0.661699703804967,0.03662673967996699,False
banknote,1372,4,0.4446064139941691,SVM,0.3,1,0.6033449990875,0.63911863811,0.62123181859875,157.13262711049998,0.3024781341107871,0.0,0.6975218658892128,0.6903968148639681,0.5772141036450209,0.6534351145038169,0.050090115416316916,False
banknote,1372,4,0.4446064139941691,SVM,0.3,2,0.6159678903199999,0.6406024564199999,0.6282851733699999,156.03243474187502,0.3061224489795918,0.0,0.6938775510204082,0.6925998672859986,0.5807507278095514,0.6481203007518797,0.032152410431879774,False
banknote,1372,4,0.4446064139941691,SVM,0.3,3,0.615186443425,0.6359737235375,0.6255800834812499,155.24766992725,0.3017492711370262,0.0,0.6982507288629738,0.6976881220968812,0.5898588886885036,0.657587323617858,0.04240088019285804,False
banknote,1372,4,0.4446064139941691,GB,0.3,0,0.6423911255075,0.6665168742625,0.654453999885,158.973390172375,0.2485422740524781,0.0,0.7514577259475219,0.6553603185136032,0.567403525958482,0.6192071086807929,-0.02318401682670712,False
banknote,1372,4,0.4446064139941691,GB,0.3,1,0.638637961195,0.6628531261825001,0.6507455436887501,157.86832548125,0.2441690962099125,0.0,0.7558309037900874,0.6436761778367618,0.5609586057545844,0.6011039342337053,-0.03753402696129471,False
banknote,1372,4,0.4446064139941691,GB,0.3,2,0.63943496134,0.6556782656975001,0.64755661351875,154.329510707375,0.2674927113702623,0.0,0.7325072886297377,0.6473550099535501,0.5480696163866086,0.6071428571428571,-0.0322921041971429,False
banknote,1372,4,0.4446064139941691,GB,0.3,3,0.63526663574,0.6550852406825,0.64517593821125,158.230757128375,0.2645772594752186,0.0,0.7354227405247813,0.6604671532846715,0.5544554681570054,0.6086976636594957,-0.02656897208050424,False
banknote,1372,4,0.4446064139941691,MLP,0.3,0,0.6406721835825,0.6751645009474999,0.6579183422649999,131.575482311125,0.2755102040816326,0.0,0.7244897959183674,0.66849900464499,0.5753511739710608,0.6298587377534746,-0.010813445829025436,False
banknote,1372,4,0.4446064139941691,MLP,0.3,1,0.6412701466025,0.66730647268,0.65428830964125,144.581167882,0.2776967930029154,0.0,0.7223032069970845,0.6575474452554745,0.5484447689129229,0.6103934233705226,-0.030876723231977432,False
banknote,1372,4,0.4446064139941691,MLP,0.3,2,0.6477674199600001,0.6634855823625001,0.6556265011612501,132.447328857375,0.2798833819241982,0.0,0.7201166180758017,0.6378633045786332,0.5288847131842871,0.5890293916609706,-0.05873802829902952,False
banknote,1372,4,0.4446064139941691,MLP,0.3,3,0.6351787317825,0.66590255933,0.6505406455562499,135.723325041375,0.271137026239067,0.0,0.7288629737609329,0.6663092236230922,0.5592033186913689,0.6286028221142725,-0.006575909668227409,False
