class_sep,flip_y,seed,phi_true,phi_btd_lr,phi_cl,bias_btd,bias_cl,btd_precision,btd_recall,btd_f1,btd_auc,cl_precision,cl_recall,cl_f1,cl_auc,jaccard_btd_cl,btd_rhat_max,btd_neff_min,btd_converged,btd_source
1.0,0.1,0,0.106,0.3,0.313,0.194,0.20700000000000002,0.2577639751552795,0.7830188679245284,0.3878504672897196,0.7578405301591322,0.2523961661341853,0.7452830188679245,0.37708830548926014,0.7417690262124857,0.8405797101449275,,,True,cache_posteriors
1.0,0.1,1,0.121,0.145,0.154,0.023999999999999994,0.033,0.5789473684210527,0.9090909090909091,0.707395498392283,0.9090391974351019,0.6558441558441559,0.8347107438016529,0.7345454545454545,0.8872074765652179,0.7916666666666666,,,True,cache_posteriors
1.0,0.1,2,0.101,0.212,0.205,0.11099999999999999,0.10399999999999998,0.3605150214592275,0.8316831683168316,0.5029940119760479,0.8329717287635325,0.3902439024390244,0.7920792079207921,0.5228758169934641,0.8265179131928766,0.8403361344537815,,,True,cache_posteriors
1.0,0.1,3,0.084,0.191,0.167,0.107,0.083,0.3348623853211009,0.8690476190476191,0.48344370860927155,0.855375337908089,0.38922155688622756,0.7738095238095238,0.5179282868525896,0.8312279060095654,0.7579908675799086,,,True,cache_posteriors
1.0,0.1,4,0.104,0.207,0.196,0.103,0.09200000000000001,0.3472803347280335,0.7980769230769231,0.4839650145772595,0.8119848901098902,0.3622448979591837,0.6826923076923077,0.47333333333333333,0.7715916895604396,0.7827868852459017,,,True,cache_posteriors
1.0,0.1,5,0.119,0.206,0.159,0.087,0.04000000000000001,0.46116504854368934,0.7983193277310925,0.5846153846153846,0.8361630690868856,0.5534591194968553,0.7394957983193278,0.6330935251798561,0.829452779976917,0.7632850241545893,,,False,fresh
1.0,0.15,0,0.153,0.331,0.34,0.17800000000000002,0.18700000000000003,0.32326283987915405,0.6993464052287581,0.44214876033057854,0.7174417976557014,0.3235294117647059,0.7189542483660131,0.4462474645030426,0.7237038065915072,0.8184281842818428,,,False,fresh
1.0,0.15,1,0.163,0.213,0.194,0.04999999999999999,0.031,0.6572769953051644,0.8588957055214724,0.7446808510638298,0.8858397285074506,0.6907216494845361,0.8220858895705522,0.7507002801120448,0.8752006508784661,0.85,,,False,fresh
1.0,0.15,2,0.148,0.269,0.251,0.12100000000000002,0.10300000000000001,0.44609665427509293,0.8108108108108109,0.5755395683453237,0.8179640908514147,0.46215139442231074,0.7837837837837838,0.581453634085213,0.8126665397792159,0.8637992831541219,,,False,fresh
1.0,0.15,3,0.122,0.242,0.196,0.12,0.07400000000000001,0.4297520661157025,0.8524590163934426,0.5714285714285714,0.8476418088800928,0.4897959183673469,0.7868852459016393,0.6037735849056604,0.836495014750364,0.7661290322580645,,,False,fresh
1.0,0.15,4,0.163,0.276,0.262,0.11300000000000002,0.099,0.4673913043478261,0.7914110429447853,0.5876993166287016,0.807891901400708,0.46564885496183206,0.7484662576687117,0.5741176470588235,0.7906011097184659,0.8361774744027304,,,False,fresh
1.0,0.15,5,0.167,0.248,0.212,0.08099999999999999,0.044999999999999984,0.5524193548387096,0.8203592814371258,0.6602409638554216,0.8435529900582989,0.6084905660377359,0.7724550898203593,0.6807387862796834,0.8364076169389911,0.8181818181818182,,,False,fresh
1.0,0.2,0,0.197,0.343,0.378,0.14600000000000002,0.181,0.40816326530612246,0.7106598984771574,0.5185185185185185,0.7289289529745687,0.37566137566137564,0.7208121827411168,0.49391304347826087,0.7134571499010689,0.8025,,,False,fresh
1.0,0.2,1,0.212,0.263,0.255,0.05100000000000002,0.04300000000000001,0.7072243346007605,0.8773584905660378,0.783157894736842,0.8898213772627143,0.6941176470588235,0.8349056603773585,0.7580299785867237,0.8679604444018773,0.8768115942028986,,,False,fresh
1.0,0.2,2,0.198,0.294,0.291,0.09599999999999997,0.09299999999999997,0.5374149659863946,0.797979797979798,0.6422764227642277,0.8142018690647119,0.5395189003436426,0.7929292929292929,0.6421267893660532,0.8129234993324768,0.8810289389067524,,,False,fresh
1.0,0.2,3,0.173,0.276,0.277,0.10300000000000004,0.10400000000000004,0.5362318840579711,0.8554913294797688,0.6592427616926503,0.8503575148003438,0.5270758122743683,0.8439306358381503,0.6488888888888888,0.8427633832153267,0.8619528619528619,,,False,fresh
1.0,0.2,4,0.212,0.306,0.314,0.094,0.10200000000000001,0.5359477124183006,0.7735849056603774,0.6332046332046332,0.7966909299875491,0.5127388535031847,0.7594339622641509,0.6121673003802282,0.7826357628579639,0.8618618618618619,,,False,fresh
1.0,0.2,5,0.199,0.274,0.266,0.07500000000000001,0.067,0.6058394160583942,0.8341708542713567,0.7019027484143763,0.8496696967985997,0.6052631578947368,0.8090452261306532,0.6924731182795699,0.8389795419042779,0.8685121107266436,,,False,fresh
1.0,0.3,0,0.31,0.343,0.412,0.03300000000000003,0.10199999999999998,0.0,0.0,0.0,0.5,0.5194174757281553,0.6903225806451613,0.592797783933518,0.7016830294530154,0.0,,,True,cache_posteriors
1.0,0.3,1,0.306,0.238,0.342,-0.068,0.03600000000000003,0.72,0.8235294117647058,0.7682926829268293,0.8411595185624681,0.7309941520467836,0.8169934640522876,0.7716049382716049,0.8422143112768642,0.8804347826086957,,,True,cache_posteriors
1.0,0.3,2,0.299,0.278,0.388,-0.020999999999999963,0.08900000000000002,0.6037234042553191,0.7591973244147158,0.6725925925925926,0.7733219147037916,0.5902061855670103,0.7658862876254181,0.6666666666666666,0.7695337286914538,0.8634146341463415,,,True,cache_posteriors
1.0,0.3,3,0.259,0.282,0.306,0.022999999999999965,0.046999999999999986,0.6261127596439169,0.8146718146718147,0.7080536912751678,0.8223156644209275,0.6437908496732027,0.7606177606177607,0.6973451327433628,0.8067596225490964,0.8424068767908309,,,True,cache_posteriors
1.0,0.3,4,0.336,0.29,0.396,-0.04600000000000004,0.06,0.0,0.0,0.0,0.5,0.6161616161616161,0.7261904761904762,0.6666666666666666,0.748637406769937,0.0,,,True,cache_posteriors
1.0,0.3,5,0.316,0.322,0.345,0.006000000000000005,0.02899999999999997,0.717391304347826,0.7310126582278481,0.7241379310344828,0.7989858612776667,0.6869565217391305,0.75,0.7170953101361573,0.7960526315789473,0.8476454293628809,,,False,fresh
1.5,0.1,0,0.106,0.245,0.22,0.139,0.114,0.35918367346938773,0.8301886792452831,0.5014245014245015,0.8272867333586594,0.38636363636363635,0.8018867924528302,0.5214723926380368,0.825440040521717,0.8379446640316206,,,False,fresh
1.5,0.1,1,0.121,0.146,0.133,0.024999999999999994,0.01200000000000001,0.7945205479452054,0.9586776859504132,0.8689138576779026,0.9622739965588244,0.8571428571428571,0.9421487603305785,0.8976377952755905,0.9602666441015805,0.8851351351351351,,,False,fresh
1.5,0.1,2,0.101,0.173,0.124,0.07199999999999998,0.022999999999999993,0.5433526011560693,0.9306930693069307,0.6861313868613139,0.921408826088393,0.6774193548387096,0.8316831683168316,0.7466666666666667,0.8935946431128096,0.7068965517241379,,,False,fresh
1.5,0.1,3,0.084,0.149,0.101,0.06499999999999999,0.017,0.5436241610738255,0.9642857142857143,0.6952789699570815,0.9450249532127262,0.7227722772277227,0.8690476190476191,0.7891891891891892,0.9192399667290497,0.6778523489932886,,,False,fresh
1.5,0.1,4,0.104,0.18,0.139,0.076,0.03500000000000002,0.5277777777777778,0.9134615384615384,0.6690140845070423,0.9092977335164835,0.5899280575539568,0.7884615384615384,0.6748971193415638,0.8624227335164835,0.7527472527472527,,,False,fresh
1.5,0.1,5,0.119,0.153,0.125,0.034,0.006000000000000005,0.6993464052287581,0.8991596638655462,0.7867647058823529,0.9234731349974724,0.784,0.8235294117647058,0.8032786885245902,0.8964412098551111,0.7935483870967742,,,False,fresh
1.5,0.15,0,0.153,0.273,0.246,0.12000000000000002,0.093,0.45787545787545786,0.8169934640522876,0.5868544600938967,0.8211295537498746,0.491869918699187,0.7908496732026143,0.606516290726817,0.8216349900841879,0.8535714285714285,,,False,fresh
1.5,0.15,1,0.163,0.181,0.175,0.017999999999999988,0.011999999999999983,0.8397790055248618,0.9325153374233128,0.8837209302325582,0.948933893323365,0.8571428571428571,0.9202453987730062,0.8875739644970414,0.9451884102586656,0.9243243243243243,,,False,fresh
1.5,0.15,2,0.148,0.21,0.17,0.062,0.02200000000000002,0.6238095238095238,0.8851351351351351,0.7318435754189944,0.8962060652201497,0.7176470588235294,0.8243243243243243,0.7672955974842768,0.883993148077655,0.8095238095238095,,,False,fresh
1.5,0.15,3,0.122,0.184,0.141,0.062,0.01899999999999999,0.6304347826086957,0.9508196721311475,0.7581699346405228,0.9366854624892639,0.7588652482269503,0.8770491803278688,0.8136882129277566,0.9191624033757796,0.7663043478260869,,,False,fresh
1.5,0.15,4,0.163,0.22,0.204,0.056999999999999995,0.04099999999999998,0.6545454545454545,0.8834355828220859,0.7519582245430809,0.896317552462417,0.6666666666666666,0.8343558282208589,0.7411444141689373,0.8765566476827115,0.8928571428571429,,,False,fresh
1.5,0.15,5,0.167,0.196,0.179,0.028999999999999998,0.011999999999999983,0.7857142857142857,0.9221556886227545,0.8484848484848485,0.9358677602777637,0.8156424581005587,0.874251497005988,0.8439306358381503,0.9173178253337263,0.8564356435643564,,,False,fresh
1.5,0.2,0,0.197,0.305,0.292,0.10799999999999998,0.09499999999999997,0.5081967213114754,0.7868020304568528,0.6175298804780877,0.800001264294429,0.5273972602739726,0.7817258883248731,0.6298568507157464,0.8049351733031588,0.8540372670807453,,,False,fresh
1.5,0.2,1,0.212,0.228,0.226,0.016000000000000014,0.014000000000000012,0.881578947368421,0.9481132075471698,0.9136363636363637,0.9569246240781535,0.8672566371681416,0.9245283018867925,0.8949771689497716,0.9432286179484722,0.9319148936170213,,,False,fresh
1.5,0.2,2,0.198,0.248,0.231,0.04999999999999999,0.033,0.7016129032258065,0.8787878787878788,0.7802690582959642,0.8932592760522935,0.7489177489177489,0.8737373737373737,0.8065268065268065,0.9007090858711805,0.9083665338645418,,,False,fresh
1.5,0.2,3,0.173,0.235,0.204,0.062,0.031,0.6978723404255319,0.9479768786127167,0.803921568627451,0.9310621998867694,0.7794117647058824,0.9190751445086706,0.843501326259947,0.9323308007912157,0.8601694915254238,,,False,fresh
1.5,0.2,4,0.212,0.267,0.262,0.05500000000000002,0.05000000000000002,0.704119850187266,0.8867924528301887,0.7849686847599165,0.8932693228617948,0.6870229007633588,0.8490566037735849,0.759493670886076,0.8724978450340006,0.8692579505300353,,,False,fresh
1.5,0.2,5,0.199,0.227,0.22,0.027999999999999997,0.02099999999999999,0.8061674008810573,0.9195979899497487,0.8591549295774648,0.9323333270597682,0.8136363636363636,0.8994974874371859,0.8544152744630071,0.9241557349795169,0.8781512605042017,,,False,fresh
1.5,0.3,0,0.31,0.365,0.381,0.05499999999999999,0.07100000000000001,0.6602739726027397,0.7774193548387097,0.7140740740740741,0.7988546049555867,0.6404199475065617,0.7870967741935484,0.7062228654124457,0.7942730247779336,0.823960880195599,,,False,fresh
1.5,0.3,1,0.306,0.317,0.319,0.01100000000000001,0.013000000000000012,0.8706624605678234,0.9019607843137255,0.8860353130016051,0.9214414872577272,0.8589341692789969,0.8954248366013072,0.8768,0.9152916690211146,0.9099099099099099,,,False,fresh
1.5,0.3,2,0.299,0.328,0.335,0.029000000000000026,0.03600000000000003,0.7713414634146342,0.8461538461538461,0.8070175438596491,0.8695819159442555,0.7343283582089553,0.822742474916388,0.7760252365930599,0.8478904956607617,0.8467966573816156,,,False,fresh
1.5,0.3,3,0.259,0.304,0.287,0.044999999999999984,0.02799999999999997,0.7796052631578947,0.915057915057915,0.8419182948490231,0.9123197807408333,0.8048780487804879,0.8918918918918919,0.8461538461538461,0.9081591713170659,0.912621359223301,,,False,fresh
1.5,0.3,4,0.336,0.363,0.375,0.02699999999999997,0.03899999999999998,0.7768595041322314,0.8392857142857143,0.8068669527896996,0.8586488812392428,0.7466666666666667,0.8333333333333334,0.7876230661040787,0.8451305220883535,0.849624060150376,,,False,fresh
1.5,0.3,5,0.316,0.32,0.314,0.0040000000000000036,-0.0020000000000000018,0.85,0.8607594936708861,0.8553459119496856,0.8952920275371975,0.8343949044585988,0.8291139240506329,0.8317460317460318,0.8765452661188837,0.8813056379821959,,,False,fresh
2.0,0.1,0,0.106,0.194,0.158,0.08800000000000001,0.052000000000000005,0.5051546391752577,0.9245283018867925,0.6533333333333333,0.908572875775611,0.5822784810126582,0.8679245283018868,0.696969696969697,0.8970495124730911,0.8051282051282052,,,False,fresh
2.0,0.1,1,0.121,0.135,0.128,0.014000000000000012,0.007000000000000006,0.8888888888888888,0.9917355371900827,0.9375,0.9873353453868501,0.9296875,0.9834710743801653,0.9558232931726908,0.9866160832651679,0.9197080291970803,,,False,fresh
2.0,0.1,2,0.101,0.128,0.108,0.026999999999999996,0.006999999999999992,0.7734375,0.9801980198019802,0.8646288209606987,0.9739699776429256,0.8703703703703703,0.9306930693069307,0.8995215311004785,0.9575601052875031,0.84375,,,False,fresh
2.0,0.1,3,0.084,0.107,0.089,0.022999999999999993,0.0049999999999999906,0.7663551401869159,0.9761904761904762,0.8586387434554974,0.9744489498856311,0.898876404494382,0.9523809523809523,0.9248554913294798,0.9712778124350177,0.8148148148148148,,,False,fresh
2.0,0.1,4,0.104,0.144,0.109,0.039999999999999994,0.0050000000000000044,0.6875,0.9519230769230769,0.7983870967741935,0.9508499313186812,0.7981651376146789,0.8365384615384616,0.8169014084507042,0.9059924450549451,0.7328767123287672,,,False,fresh
2.0,0.1,5,0.119,0.137,0.121,0.018000000000000016,0.0020000000000000018,0.8613138686131386,0.9915966386554622,0.921875,0.985015118419672,0.9008264462809917,0.9159663865546218,0.9083333333333333,0.9511727505985368,0.8695652173913043,,,False,fresh
2.0,0.15,0,0.153,0.228,0.201,0.07500000000000001,0.048000000000000015,0.5964912280701754,0.8888888888888888,0.7139107611548556,0.8901351174078447,0.6368159203980099,0.8366013071895425,0.7231638418079096,0.8752073832287737,0.8571428571428571,,,False,fresh
2.0,0.15,1,0.163,0.174,0.168,0.010999999999999982,0.0050000000000000044,0.9195402298850575,0.9815950920245399,0.9495548961424333,0.982434344100681,0.9345238095238095,0.9631901840490797,0.9486404833836858,0.9750240048082914,0.9322033898305084,,,False,fresh
2.0,0.15,2,0.148,0.172,0.158,0.023999999999999994,0.010000000000000009,0.813953488372093,0.9459459459459459,0.875,0.9541936302499684,0.8544303797468354,0.9121621621621622,0.8823529411764706,0.9425834284989215,0.896551724137931,,,False,fresh
2.0,0.15,3,0.122,0.149,0.132,0.026999999999999996,0.010000000000000009,0.7919463087248322,0.9672131147540983,0.8708487084870848,0.9659527988349079,0.8863636363636364,0.9590163934426229,0.9212598425196851,0.970966055491243,0.8733333333333333,,,False,fresh
2.0,0.15,4,0.163,0.198,0.172,0.035,0.00899999999999998,0.7727272727272727,0.9386503067484663,0.8476454293628809,0.9424434329441256,0.8255813953488372,0.8711656441717791,0.8477611940298507,0.9176616751324845,0.8592964824120602,,,False,fresh
2.0,0.15,5,0.167,0.183,0.171,0.015999999999999986,0.0040000000000000036,0.9016393442622951,0.9880239520958084,0.9428571428571428,0.9832076543192128,0.9298245614035088,0.9520958083832335,0.9408284023668639,0.9688450230391559,0.9032258064516129,,,False,fresh
2.0,0.2,0,0.197,0.262,0.249,0.065,0.05199999999999999,0.6679389312977099,0.8883248730964467,0.7625272331154684,0.8899905810065047,0.6827309236947792,0.8629441624365483,0.7623318385650224,0.8822815457263689,0.8856088560885609,,,False,fresh
2.0,0.2,1,0.212,0.221,0.214,0.009000000000000008,0.0020000000000000018,0.9321266968325792,0.9716981132075472,0.9515011547344111,0.9763312901063117,0.9392523364485982,0.9481132075471698,0.9436619718309859,0.965807872809118,0.9419642857142857,,,False,fresh
2.0,0.2,2,0.198,0.218,0.213,0.01999999999999999,0.014999999999999986,0.8577981651376146,0.9444444444444444,0.8990384615384616,0.9528955389304516,0.8779342723004695,0.9444444444444444,0.9099756690997567,0.9560127459129953,0.9070796460176991,,,False,fresh
2.0,0.2,3,0.173,0.204,0.191,0.031,0.018000000000000016,0.8284313725490197,0.976878612716763,0.896551724137931,0.9672784841092884,0.8691099476439791,0.9595375722543352,0.9120879120879121,0.964653913092101,0.9082125603864735,,,False,fresh
2.0,0.2,4,0.212,0.244,0.231,0.032,0.019000000000000017,0.8155737704918032,0.9386792452830188,0.8728070175438597,0.9407863231491236,0.8225108225108225,0.8962264150943396,0.8577878103837472,0.9220979791207741,0.8924302788844621,,,False,fresh
2.0,0.2,5,0.199,0.213,0.212,0.013999999999999985,0.012999999999999984,0.9154929577464789,0.9798994974874372,0.9466019417475728,0.9787137936875387,0.8915094339622641,0.949748743718593,0.9197080291970803,0.9605173181764002,0.8888888888888888,,,False,fresh
2.0,0.3,0,0.31,0.336,0.35,0.026000000000000023,0.03999999999999998,0.7827380952380952,0.8483870967741935,0.8142414860681114,0.8712949976624591,0.74,0.8354838709677419,0.7848484848484848,0.8517999064983637,0.8641304347826086,,,False,fresh
2.0,0.3,1,0.306,0.308,0.309,0.0020000000000000018,0.0030000000000000027,0.9318181818181818,0.9379084967320261,0.9348534201954397,0.9538245653688949,0.9223300970873787,0.9313725490196079,0.926829268292683,0.9483952082273831,0.9221183800623053,,,False,fresh
2.0,0.3,2,0.299,0.316,0.32,0.017000000000000015,0.02100000000000002,0.8544303797468354,0.903010033444816,0.8780487804878049,0.9186947456810385,0.821875,0.8795986622073578,0.8497576736672051,0.8991431256828516,0.8816568047337278,,,False,fresh
2.0,0.3,3,0.259,0.281,0.273,0.02200000000000002,0.014000000000000012,0.8683274021352313,0.9420849420849421,0.9037037037037037,0.946076209234104,0.8937728937728938,0.9420849420849421,0.9172932330827067,0.9514743198953725,0.9370629370629371,,,False,fresh
2.0,0.3,4,0.336,0.35,0.357,0.013999999999999957,0.020999999999999963,0.8657142857142858,0.9017857142857143,0.8833819241982507,0.915501290877797,0.8403361344537815,0.8928571428571429,0.8658008658008658,0.9035068846815835,0.8459530026109661,,,False,fresh
2.0,0.3,5,0.316,0.309,0.315,-0.007000000000000006,-0.0010000000000000009,0.9223300970873787,0.9018987341772152,0.912,0.9334055074394847,0.9047619047619048,0.9018987341772152,0.9033280507131537,0.929019542527204,0.9259259259259259,,,False,fresh
