arch,seed,flip_y,acc_ens,nll,brier,ece,pred_var,mean_entropy,mean_discordance,frac_A_proxy,cv_acc,cv_recall,cv_f1,mu_avg,kappa_avg,mu_Se,mu_Sp,kappa_Se,kappa_Sp
GB,0,0.0,0.951,0.6979135078003785,0.0481113065004733,0.023519397798044652,0.0005973929070966884,0.003000165155462536,0.048708699407569986,0.048,0.8320000000000001,0.8160000000000001,0.8298112321893131,0.8111138138450001,160.53437255400002,0.8315879901075001,0.7906396375825,161.01303187425,160.05571323375
GB,0,0.1,0.914,1.1444261124209385,0.0839884698695358,0.04721993935627017,0.0022627434868143295,0.011023614382800903,0.10973137679952892,0.107,0.748,0.7191683168316831,0.7413832319343506,0.7197853920025,151.46261156650002,0.730816611855,0.7087541721499999,142.13763971575,160.78758341725
GB,0,0.3,0.738,3.4937429553665886,0.25821360602775506,0.1604041024626706,0.004492227354520382,0.021952628889588453,0.08856739134745226,0.082,0.533,0.4957290132547864,0.5069111019699255,0.63526297196375,152.820418078875,0.6312427601375,0.6392831837899999,147.68341842325,157.9574177345
GB,0,0.5,0.491,7.439053414560052,0.5050223156905077,0.20044723732338346,0.00532167777941112,0.025657606284206783,0.06249280391272282,0.055,0.494,0.4627147766323023,0.4669683154326713,0.61611238320875,147.3756657655,0.60653167416,0.6256930922575,144.26426807275,150.48706345825
GB,1,0.0,0.984,0.24038133308504558,0.015965570625298117,0.0019826287252331888,1.7070528933693906e-05,0.00012675412822330011,0.015982641154231814,0.016,0.934,0.95,0.9350272809040238,0.8984683736237499,169.374752050625,0.8900409063550001,0.9068958408925,168.08194157775,170.6675625235
GB,1,0.1,0.942,0.7926900406887828,0.055815435250799496,0.019841845084734515,0.0017987764151307876,0.008344885924243641,0.09233532381582314,0.09,0.8,0.8228888888888889,0.8032259392818524,0.7727567589937501,155.65638795625,0.766295449985,0.7792180680025,161.73268660475,149.58008930775
GB,1,0.3,0.788,2.802377224516367,0.20437794057948025,0.10903931350221058,0.004950752836682087,0.02259115309622678,0.13758375969446968,0.13,0.591,0.5212094064949608,0.5463409325593526,0.659282670325,151.09714379075,0.635125793125,0.6834395475249999,149.000457063,153.1938305185
GB,1,0.5,0.481,7.690756322285149,0.5155249366022168,0.2075770149629683,0.004572899373689768,0.022682349776751043,0.09002086888174927,0.085,0.526,0.4710051546391752,0.4902475900900412,0.62306189438875,147.80118322487502,0.6182752877575,0.62784850102,151.53661100575002,144.06575544400002
GB,2,0.0,0.979,0.3121792239121129,0.02114984574539218,0.004690855689128117,0.0006576037923977516,0.002903354720964455,0.021807449537789927,0.021,0.912,0.906,0.9111546857821768,0.8884926968550001,167.32171682937502,0.8822659071875001,0.8947194865225001,165.1462498155,169.49718384325004
GB,2,0.1,0.947,0.7518822984412229,0.0523419092270253,0.022009623841251935,0.0016897748228700165,0.007285234818776987,0.09742260907690624,0.093,0.789,0.7855959595959596,0.7872774709467987,0.7749903059900001,150.82868722525,0.7662569264575,0.7837236855224999,146.80545045399998,154.85192399650003
GB,2,0.3,0.796,2.884890698905143,0.20052890223014772,0.09046019184910374,0.0038891050728783326,0.0189404839912434,0.12607130223954632,0.12,0.6140000000000001,0.6192929292929292,0.6152910447674059,0.67192207330125,155.52447341825,0.664137784055,0.6797063625475,155.8748822325,155.17406460400002
GB,2,0.5,0.481,7.5668608946988645,0.5133861753308545,0.1960702351545151,0.006818356867415961,0.032001780155354195,0.07184547998543173,0.06,0.519,0.507070707070707,0.5095578538329938,0.62647261850875,153.5955380675,0.6193891637525001,0.6335560732650001,154.505123606,152.685952529
GB,3,0.0,0.971,0.42684349847370157,0.029067423600519986,0.008344642559001726,0.00031534678126253864,0.0014741248227661914,0.02938277038178252,0.029,0.891,0.8959999999999999,0.891439327321811,0.8701549961237499,166.038030048625,0.86745982792,0.8728501643274998,164.5521543655,167.52390573175
GB,3,0.1,0.944,0.7196626677635579,0.053362621938935886,0.02996487380195791,0.001625461389751111,0.007156452824893445,0.08611585369179604,0.083,0.8100000000000002,0.8156953503050705,0.807579288726745,0.7925730212762501,156.723351462,0.782857954485,0.8022880880675,154.2823805495,159.16432237450002
GB,3,0.3,0.847,2.169229345300444,0.15103085431188634,0.07017345998940115,0.0028376753157192762,0.013466578155487933,0.14242180348345038,0.138,0.65,0.5949354992833253,0.6094706724940794,0.6863077127224999,156.53987579925,0.6516632633649999,0.7209521620800001,152.51638785100002,160.5633637475
GB,3,0.5,0.551,6.448728240817695,0.4440835040577796,0.20776122055666854,0.00512276327728925,0.02415902627580912,0.07249713789644438,0.065,0.522,0.4234221598877981,0.4505212918984832,0.62404565066875,152.76581071512499,0.5972878818275,0.65080341951,154.60840488999995,150.92321654025
GB,4,0.0,0.966,0.48784948909587783,0.03373823106702222,0.007718779873888244,0.0010271341904173371,0.004720137750782052,0.034765365257439555,0.033,0.869,0.89,0.8717634992860406,0.8464593011562499,163.709625943375,0.833084843725,0.8598337585875,163.02074944025,164.3985024465
GB,4,0.1,0.916,1.1633236714997484,0.08276627843652816,0.04118066652628671,0.0012459510842691938,0.006382723466857138,0.09962346381521939,0.099,0.7470000000000001,0.7530818387961244,0.7461947544534921,0.7534414901875,146.07374784350003,0.7467777555625,0.7601052248125,147.77212555600002,144.375370131
GB,4,0.3,0.726,3.615304737716414,0.26793695821496877,0.16204632590117934,0.005852060263013131,0.027546490502886684,0.11339574685273084,0.104,0.5549999999999999,0.4583771929824561,0.4953062095751681,0.6341734467525,146.33873104875,0.6225445070400001,0.6458023864649999,143.15601902524998,149.52144307225
GB,4,0.5,0.469,7.568917654869032,0.5231891038232752,0.21574429225285421,0.006626359837270193,0.03205406191038247,0.06534472558175339,0.056,0.495,0.4483405483405483,0.466588238853921,0.61445504339,153.78073611125,0.6135063073725,0.6154037794075,148.47606666874998,159.08540555375
LR,0,0.0,0.727,3.765829214581784,0.26885653729619924,0.12190565567463808,0.0052224777640370364,0.024404021468651747,0.2740790150602363,0.269,0.712,0.722,0.7147504890824293,0.6672854146249999,143.867548112125,0.668625757415,0.6659450718350001,147.55713150399998,140.17796472025
LR,0,0.1,0.729,3.5312919763641535,0.2634846913040721,0.14904477976297156,0.007894246087185518,0.03757494622113669,0.3322414033725611,0.322,0.647,0.6673465346534653,0.6545369282918797,0.6063016627012501,144.55074222625,0.607207941695,0.6053953837075,147.139753922,141.9617305305
LR,0,0.3,0.712,0.6028159135951366,0.20605008324123178,0.03957277829156618,0.18971988574052442,0.8180215893693014,0.46063209274038636,0.0,0.542,0.487649905322954,0.5063463539142515,0.5245463115025,152.272565675625,0.5137360769950001,0.5353565460100002,150.46048385950002,154.08464749175002
LR,0,0.5,0.42,0.6931203702036078,0.24994072678418341,0.09862688423529165,0.24893930456212507,0.9968962911015683,0.5004851745228469,0.0,0.4630000000000001,0.3484965635738831,0.3835869149866084,0.502416099855,147.14852102550003,0.48883781525,0.51599438446,147.14465638950003,147.1523856615
LR,1,0.0,0.906,1.3173496236567783,0.09173761434866068,0.031642610638279695,0.0014990159901242916,0.0069165585926877155,0.09323663033878497,0.09,0.8950000000000001,0.9,0.895759438480382,0.8468839578825,155.8382674605,0.8260637484525,0.8677041673125,151.40205187975002,160.27448304125
LR,1,0.1,0.907,1.2330821631473825,0.09025592578150332,0.0405560106169339,0.002148164997257367,0.01031139235755785,0.19201027489175496,0.19,0.7949999999999999,0.8108686868686871,0.7969575770995657,0.71448261830875,138.208960988,0.6925914174725,0.736373819145,152.40798645575,124.00993552025
LR,1,0.3,0.848,1.738468837110967,0.14720729640221686,0.10734222636817498,0.00716425283787885,0.03367641088942733,0.3577148944835191,0.35,0.6250000000000001,0.5741545352743561,0.5885906331446332,0.5946114407587499,141.78945519275,0.5686456911375,0.6205771903799999,141.91271558050002,141.666194805
LR,1,0.5,0.437,0.698000013736951,0.25238778367043124,0.07380617964270741,0.24920001952051252,0.997676846535682,0.4989889568777607,0.0,0.517,0.4276632302405498,0.4592762566254579,0.5034193873449999,144.671316828625,0.4857916357924999,0.5210471388975,143.9959039125,145.34672974475
LR,2,0.0,0.836,2.3866246526216988,0.16220910136533656,0.050297721290162564,0.0018134001514263246,0.008765591851478849,0.16402250151676287,0.162,0.8240000000000001,0.8200000000000001,0.8234970262397155,0.7798329541775,139.77448415187501,0.787713281995,0.7719526263600001,142.792283964,136.75668433975
LR,2,0.1,0.832,2.358181676898533,0.16707166345145946,0.08048823156858961,0.002401139715784092,0.012355496237473621,0.23641152515573777,0.233,0.735,0.7155151515151514,0.7289477185689226,0.6779963170575,138.11720025525,0.68172853632,0.674264097795,130.15248059375,146.08191991675
LR,2,0.3,0.774,2.6235379421541003,0.21717333401118172,0.14874344744913556,0.00914705883950664,0.04295414579613382,0.3870376017866553,0.376,0.5860000000000001,0.5872121212121213,0.5853603374945822,0.5808237813712499,150.76571498425,0.5733927575075001,0.5882548052350001,152.930456908,148.6009730605
LR,2,0.5,0.408,7.679264484736406,0.5803230358278747,0.3661672536564515,0.013228816923575188,0.06470512963445296,0.43679941599812094,0.419,0.506,0.4868686868686868,0.4928517722950697,0.5376314523374999,149.54584143862502,0.5280359383225,0.5472269663525001,153.2559008165,145.83578206075
LR,3,0.0,0.838,2.3342449623612542,0.15970794504720195,0.059818465904217036,0.0013207583348449194,0.006561640001617951,0.16102870338204683,0.158,0.8370000000000001,0.836,0.8367639337459906,0.7944030915325001,144.653285579375,0.7923971301975,0.7964090528675,143.967024847,145.33954631174998
LR,3,0.1,0.839,2.1274510619250107,0.15753266164450355,0.07280274137007366,0.003990618059772104,0.018569110886215667,0.22350948045605906,0.218,0.776,0.774647590995161,0.7717542117638713,0.71509106324625,145.48558807412502,0.6963820963925,0.7338000301,144.73344126375002,146.2377348845
LR,3,0.3,0.824,2.0633139679952026,0.1685698409625795,0.10391391202988812,0.007266246918388821,0.034213315149014316,0.34638037686011364,0.337,0.6479999999999999,0.5839703774486383,0.6032583695374393,0.60609334734625,150.292374355,0.5660224025474999,0.646164292145,144.153793098,156.43095561200002
LR,3,0.5,0.585,4.266389153675953,0.39210463774068216,0.3380033283261171,0.021874086818385,0.10312195929600887,0.463754494194022,0.432,0.518,0.3066619915848527,0.3712069004698021,0.52981599443625,147.803375545,0.4910221027349999,0.5686098861375,147.98813150150002,147.6186195885
LR,4,0.0,0.833,2.4099713481867506,0.16445704343510578,0.051525311014041356,0.0026613390659844327,0.012721967450420878,0.1671183825010902,0.165,0.8149999999999998,0.836,0.8188573829263879,0.76174582155375,140.95650584162502,0.7320090476974999,0.79148259541,139.17019528925,142.74281639400002
LR,4,0.1,0.82,2.303308726098937,0.17444856366559028,0.08637473199067491,0.005731783576595423,0.026494044191136087,0.2467682976649934,0.239,0.7390000000000001,0.7612038754895898,0.7422033928897004,0.66483741320375,139.47321705412497,0.64066078108,0.6890140453275,134.92145241174998,144.0249816965
LR,4,0.3,0.768,0.5432782496090676,0.17861622702240085,0.05981026966803128,0.18820218459419794,0.8132310407572819,0.4509699700175075,0.0,0.5680000000000001,0.4916008771929824,0.5206532297220027,0.535286125555,141.7094213365,0.5166445861375,0.5539276649725,138.87551641175,144.54332626125
LR,4,0.5,0.494,5.398297477253399,0.48319252335296836,0.39436555397053275,0.02356378511039329,0.11190442273321062,0.4452401545867167,0.414,0.51,0.4747474747474747,0.4879889992027224,0.5269715076175,150.76491896725,0.5243819443925001,0.5295610708424999,149.07036341699998,152.4594745175
MLP,0,0.0,0.992,0.12891275974324573,0.008001611585811658,0.0030401411252076035,3.853677264825581e-05,0.00024302654297814248,0.008040148358459915,0.008,0.918,0.9200000000000002,0.9181326907574624,0.90811003294625,171.68866944225002,0.9097905305925,0.9064295353,171.0028486895,172.37449019500002
MLP,0,0.1,0.92,1.1211890870315364,0.07853166129668296,0.029349899695205624,0.0010436421681299,0.005354360648078337,0.0358095183613944,0.035,0.761,0.745128712871287,0.7578563559969413,0.8311151405949999,163.050183976,0.83013773139,0.8320925498,162.5732668555,163.5271010965
MLP,0,0.3,0.708,4.5556459256250506,0.29084268919424383,0.05570461523743039,0.0013558111596726756,0.006812867788130534,0.026630085782458787,0.025,0.558,0.5288659793814433,0.5377611155396129,0.7890744552650001,157.47337993949998,0.7868824029350001,0.791266507595,157.01191434375,157.93484553524996
MLP,0,0.5,0.503,7.746261092218793,0.4945953936337514,0.07504493060813303,0.001409299959660494,0.006903672474458921,0.03117982946883407,0.029,0.492,0.4774699312714777,0.47167077069938,0.7720468567725,152.14685514899998,0.7646405625249999,0.77945315102,151.01822226225,153.27548803575
MLP,1,0.0,0.991,0.11441446524641806,0.00886415164387715,0.002929682735545881,6.55311280509691e-05,0.00037670101139366635,0.00892968277192812,0.009,0.945,0.954,0.945440828813724,0.93330971662375,175.34928517237498,0.931255306455,0.9353641267925,175.71736187974997,174.98120846499998
MLP,1,0.1,0.91,1.2490037380200958,0.0876241846293441,0.04186164900781298,0.0018902879562037198,0.008842610812966696,0.04329281941658988,0.041,0.7520000000000001,0.7686666666666667,0.7549367364227096,0.8335187287,163.80296196737498,0.8351999876124999,0.8318374697875001,163.94605282725,163.65987110749998
MLP,1,0.3,0.716,4.29252843897658,0.28181061264960533,0.07230362149029747,0.001339045829436662,0.0071363337329418755,0.040676154302294876,0.04,0.568,0.5255767077267637,0.5336507582429493,0.7898921545925,154.8096320475,0.7812106901625,0.7985736190225,150.85309087874998,158.76617321625002
MLP,1,0.5,0.469,8.32745545276211,0.5308399820691505,0.07161355601380386,0.0014509548957654422,0.00680404086307419,0.027519449970905396,0.025,0.512,0.5020833333333333,0.498921679275598,0.7759112075,154.238562559375,0.7701752121975,0.7816472028025,151.05213367025002,157.4249914485
MLP,2,0.0,0.993,0.06533591887677721,0.00653766267322737,0.004754006776353782,0.00021648871906154485,0.0011259917122114897,0.006754151392288915,0.007,0.936,0.926,0.935239695218382,0.9308050977775,174.897015639875,0.929661689125,0.93194850643,174.63864749325,175.15538378649998
MLP,2,0.1,0.933,0.957623201605829,0.06550971377420375,0.02666324744690422,0.001359740097739591,0.006319641827260491,0.040331838415316866,0.038,0.771,0.7715151515151515,0.7706530184321352,0.8393045798850001,164.63269475125003,0.8396258915450001,0.8389832682249999,165.51902270550002,163.746366797
MLP,2,0.3,0.723,4.186331222806292,0.27430432475055133,0.06139437030078806,0.0017732430573662867,0.008213220683525136,0.03910431508555331,0.036,0.583,0.569050505050505,0.5764347847823217,0.798114298865,157.669929649375,0.797083530945,0.799145066785,157.06853839549998,158.27132090325003
MLP,2,0.5,0.483,8.068571069798118,0.5142390465330521,0.06260363201684942,0.0019224825338566953,0.009079413416080194,0.02724380185294446,0.024,0.483,0.4828282828282828,0.4801554328550377,0.776482755985,154.242893433,0.7738186860524999,0.7791468259175,155.11906481249997,153.3667220535
MLP,3,0.0,0.995,0.06476420426323228,0.004993350622460797,0.001996225858352618,3.7630027609595952e-06,3.798221277936711e-05,0.004997113625221756,0.005,0.934,0.932,0.9335467380390168,0.92683464139875,174.245953283,0.9262549187075,0.92741436409,173.27066863924998,175.22123792675
MLP,3,0.1,0.946,0.718098286398026,0.05229682990859686,0.028508416692662374,0.0012163383302221757,0.005448795908067396,0.03843084440439519,0.036,0.7929999999999999,0.7848306332842415,0.7874809566793475,0.8446886693200001,164.932868917,0.8389916087500001,0.8503857298899999,165.7939943115,164.0717435225
MLP,3,0.3,0.762,3.538641236950291,0.23618503788524972,0.07423951796920264,0.0013592498171231511,0.006868546416947693,0.03301979359564319,0.032,0.6079999999999999,0.5620879120879121,0.5676489902065349,0.80319557201375,158.26829609612503,0.790860682605,0.8155304614225001,156.35967218075,160.17692001150002
MLP,3,0.5,0.538,7.142654103160949,0.45977949120802,0.07617104344701288,0.0013935223504503247,0.006677973157904825,0.02874772314331802,0.027,0.5229999999999999,0.4688873305282842,0.4757040024156707,0.7788462151025,154.1599138505,0.7695491645075,0.7881432656975,149.9791126575,158.3407150435
MLP,4,0.0,0.987,0.18621044087331018,0.012959535549768813,0.003968901316840975,3.0608079625154197e-05,0.0002351538423521089,0.012990143629393967,0.013,0.918,0.926,0.918577573381292,0.91553765847125,171.893199513875,0.9132380598125,0.91783725713,172.014594957,171.77180407075002
MLP,4,0.1,0.926,1.014540225089493,0.07168699218493532,0.03379370752576238,0.00183562145305263,0.008233349168420263,0.04678096943037561,0.044,0.7750000000000001,0.7753246753246753,0.7730703678044268,0.83485050517125,164.809640586375,0.8320858596375001,0.837615150705,163.43962337525,166.1796577975
MLP,4,0.3,0.679,4.767688871269049,0.3191994072988657,0.1035068443774044,0.0018014788713778818,0.009262532981875108,0.02812457853815673,0.026,0.51,0.5000219298245614,0.4935270719436134,0.7768258632975,154.270496067625,0.7705935741275,0.7830581524675,153.19410432425002,155.346887811
MLP,4,0.5,0.484,8.042352739908965,0.5134162391544558,0.07479575032677215,0.0034181124919192537,0.015367879167460944,0.027966998790746336,0.021,0.475,0.456338899196042,0.4613171802200099,0.7679825547225,152.595652969625,0.7655458539849999,0.7704192554599999,153.38019008650002,151.81111585275
RF,0,0.0,0.999,0.004283732789291749,0.0009726109353065602,0.0009862103909950252,1.3599455688464913e-05,0.00010497852570621753,0.0009862103909950252,0.001,0.873,0.8539999999999999,0.8707133281245533,0.84186939195125,164.379618133375,0.8503511590775,0.8333876248250001,164.71560190875002,164.04363435800002
RF,0,0.1,0.899,1.6233431098216475,0.10150654200237413,0.01019471221296328,0.0006881702105891445,0.0028144711468355704,0.0038052877870367197,0.002,0.764,0.7391485148514851,0.7590685076969258,0.7905470676587499,158.203506527625,0.7948711250099999,0.7862230103075001,158.39592885324998,158.011084202
RF,0,0.3,0.69,4.987468303093425,0.30999842039186665,0.007999209883805232,7.894919385944894e-07,9.280969359475446e-06,7.901161947677882e-07,0.0,0.584,0.5124552913949085,0.5444213941374032,0.7466654672762499,158.099403914375,0.7429564472525,0.7503744873,155.48106382325,160.71774400549998
RF,0,0.5,0.5,8.059047775478778,0.5,0.0,4.9762788076637063e-20,-1.4426951580489627e-09,4.9762788076637063e-20,0.0,0.479,0.3943513745704467,0.4203713705885056,0.736747544895,153.32129458574997,0.7329234179374999,0.7405716718525001,153.33490864699996,153.3076805245
RF,1,0.0,0.999,0.015229013349606593,0.0009999997135161976,0.0009999907832818353,9.216666967228815e-09,1.7449610314399516e-07,0.0010000089301831648,0.001,0.914,0.94,0.9164217343812556,0.87456362267875,166.769287049375,0.8700939182674999,0.87903332709,167.784285465,165.75428863375
RF,1,0.1,0.886,1.7842572239198284,0.11384010803312458,0.014582396187135065,0.0007423105150444631,0.0033592605536046814,0.006417581451831493,0.005,0.806,0.8189090909090909,0.8076061540526311,0.80729651543625,160.59052173775,0.8048730160625001,0.8097200148100001,163.67929055475005,157.50175292075
RF,1,0.3,0.694,4.913456664146026,0.30599834852966457,0.01599917392726028,8.253975957365273e-07,9.697214903342162e-06,8.260727397178169e-07,0.0,0.6180000000000001,0.5549608062709966,0.5783451480388415,0.7553045886775,156.34222583275,0.7432516391249999,0.7673575382300001,156.1504041015,156.53404756400002
RF,1,0.5,0.474,8.478118265003962,0.526,3.5837999234900054e-15,3.583857031849242e-15,-1.4425828595390022e-09,3.583857031862082e-15,0.0,0.517,0.4420747422680412,0.468939636949033,0.73969525828375,155.217790233875,0.7321465911075,0.7472439254600001,155.31516071500002,155.12041975275
RF,2,0.0,1.0,-9.987732449931205e-08,1.5048067158313415e-17,1.226705634849168e-10,1.2267054857003615e-10,1.5492017951163105e-09,1.2267056361810332e-10,0.0,0.899,0.8959999999999999,0.8986536582820616,0.8796354719024999,166.31012436237498,0.8726913525075001,0.8865795912975,165.67107478874996,166.949173936
RF,2,0.1,0.907,1.4292094195352756,0.09272792009772753,0.023854121595618092,0.000132712515818909,0.0007657603063705236,0.008139367386453567,0.008,0.805,0.8036565656565656,0.8044972575521774,0.81511556807,157.05184501575002,0.81046659629,0.81976453985,156.34875207400003,157.7549379575
RF,2,0.3,0.704,4.7092998546608325,0.29582953141556306,0.016912608424356112,8.32580483334643e-05,0.0005361094838291214,0.0030872105361034875,0.003,0.63,0.6372121212121212,0.6314403279263392,0.7587410187200001,160.606732083625,0.7566012554874999,0.7608807819525,161.184829039,160.02863512825
RF,2,0.5,0.487,8.268583020232164,0.513,0.0019999999998100287,1.8997119669938952e-13,-1.4367891212465258e-09,1.899711967354782e-13,0.0,0.507,0.4747474747474747,0.4879114843407584,0.7397193602600001,158.910615138,0.7349216530650001,0.744517067455,158.17017633225,159.65105394375
RF,3,0.0,0.999,0.016067316741606958,0.001001228684061879,0.0010350526197277397,3.382437271318104e-05,0.00021913451377273492,0.0010350530567750599,0.001,0.8860000000000001,0.876,0.8846423782734,0.87062074205,167.41094458425,0.8683667443399999,0.87287473976,166.9170376925,167.90485147599998
RF,3,0.1,0.925,1.143614157203756,0.07421755430699335,0.01762569576750383,0.00044420583415723404,0.002169355601065515,0.009541627168046154,0.009,0.819,0.8135914159478224,0.8143402987156325,0.8220523976474999,164.271784448625,0.8155553426675001,0.8285494526275,164.45694415825,164.086624739
RF,3,0.3,0.743,4.116732097078132,0.25700086014092816,0.019966202158983266,3.271770053388136e-05,0.00022005334235386883,0.0019664221585389305,0.002,0.658,0.5817964644051601,0.6094395490474032,0.7638046918824999,160.279450217875,0.7460613552300001,0.781548028535,158.47229154975,162.086608886
RF,3,0.5,0.533,7.527150615697533,0.467,1.2083667400020204e-15,1.2083190392752424e-15,-1.4426572917736692e-09,1.2083190392759928e-15,0.0,0.526,0.3564048620850865,0.4102990753513593,0.73889524075625,158.34161058937502,0.7222356073525,0.7555548741599999,154.51478336575002,162.168437813
RF,4,0.0,0.997,0.019879238144016837,0.002970096047450575,0.0031341545200124997,0.00016405847256192502,0.0008449140039141216,0.0031341545200125,0.003,0.892,0.9200000000000002,0.8950525292138952,0.8536637231112499,163.83977362062498,0.8449843428375,0.862343103385,162.09936962125,165.58017761999997
RF,4,0.1,0.901,1.5035329227427319,0.09771738981850318,0.01282889430160828,0.0011115095977583863,0.005143097092089594,0.005171100608741721,0.004,0.793,0.8137497423211709,0.7950124463876133,0.80264795699125,155.81151244412501,0.7979877741125001,0.80730813987,155.04315770625,156.579867182
RF,4,0.3,0.664,5.415627710437951,0.3359999999892717,0.00599999999463585,5.364149748592571e-12,-1.288103529115729e-09,5.364149775056406e-12,0.0,0.5449999999999999,0.4770614035087719,0.4996108209080564,0.74329273681625,154.681542862375,0.7358675038775,0.750717969755,153.588034158,155.77505156675
RF,4,0.5,0.481,8.36529159474734,0.519,0.0,6.7356807133365e-21,-1.4426951593353593e-09,6.7356807133365e-21,0.0,0.484,0.4339723768295197,0.4527312793385212,0.7356111430050001,159.296123624375,0.7369017233375,0.7343205626725,159.867474707,158.72477254175
SVM,0,0.0,0.925,1.134769562728174,0.07405526273396311,0.013188485544339585,0.0006575759677468807,0.003281578946137702,0.07471283870170997,0.074,0.89,0.8539999999999999,0.8859170565475116,0.86170953062625,151.959634869875,0.8821753669075,0.841243694345,147.815835032,156.10343470774998
SVM,0,0.1,0.912,1.2217293112292396,0.08500489992333683,0.03600680553817824,0.0013174864901292066,0.006227309249184415,0.16122328684276038,0.159,0.796,0.7689900990099009,0.7910334010205144,0.74904090178875,147.974118447375,0.7573884791450001,0.7406933244324999,142.01512428774998,153.933112607
SVM,0,0.3,0.83,1.966966911735838,0.161659543617814,0.10578695022533145,0.007150396947553844,0.03370250446890121,0.2860902704083812,0.277,0.5980000000000001,0.5515253524090048,0.5704767193973428,0.61346581459875,145.12787917062502,0.60712724972,0.6198043794775,141.50523068,148.75052766125
SVM,0,0.5,0.488,6.5713121662284735,0.4994199258177337,0.3328386703712891,0.013790769630858221,0.06504057577858659,0.30508998315120955,0.286,0.471,0.3445446735395189,0.3845213986718767,0.5517193806474999,147.19313729750002,0.540271212475,0.56316754882,146.64282946050002,147.74344513449998
SVM,1,0.0,0.967,0.5238882555203436,0.032999399051671985,0.0019996990972673432,3.0081242067081467e-07,3.956932046313328e-06,0.03299969986409265,0.033,0.947,0.978,0.948684759597809,0.91621057971125,164.57329129825,0.9022241180425,0.93019704138,162.05476824075,167.09181435575002
SVM,1,0.1,0.956,0.5978640396696794,0.0420990805756224,0.0161776185910774,0.0011414495007881285,0.0050785156955009715,0.1443517502962724,0.142,0.8240000000000001,0.8652727272727272,0.8301303062957617,0.7655623661800001,149.15847082174997,0.746407881725,0.784716850635,155.88702909775,142.42991254574997
SVM,1,0.3,0.85,1.8868136507527413,0.14470004606796824,0.08322577231144308,0.00443994332267275,0.020649122132666026,0.2667636682827386,0.26,0.64,0.6246360582306831,0.6207673015564381,0.64015911204875,148.73477328924997,0.6191028438324999,0.661215380265,149.60684824375,147.86269833474998
SVM,1,0.5,0.447,7.4054885578380105,0.5386197373497539,0.3026454100970598,0.009705695027374324,0.046575408820493325,0.27867494575885526,0.267,0.5269999999999999,0.4090420962199312,0.4510424895357263,0.5786882783,136.8704276845,0.56648550809,0.5908910485100001,143.435401971,130.305453398
SVM,2,0.0,0.945,0.8481402363255838,0.05490281454172326,0.012022571669451042,0.00022204041790844383,0.001258972109722672,0.0551248549596317,0.055,0.917,0.922,0.9173768314332572,0.89926337635125,159.37386740674998,0.8984337722375001,0.900092980465,160.27094939224995,158.47678542125
SVM,2,0.1,0.933,0.9895478801171946,0.06690647525384175,0.029985835787553657,0.00013945066023159813,0.0009327329443212893,0.14386033294874295,0.144,0.829,0.8477171717171716,0.8319779454326669,0.7748530840225,148.13306720612502,0.7667636077,0.7829425603450001,147.57470966925,148.691424743
SVM,2,0.3,0.871,1.6478381581937163,0.12641476199037627,0.07594091112373684,0.0052449637593970705,0.02413781295771407,0.26058237763624853,0.253,0.6399999999999999,0.6893333333333334,0.6546584622596996,0.63860659981,146.65889024712504,0.63194903542,0.6452641642,150.81268251200004,142.50509798225002
SVM,2,0.5,0.467,7.0200895268125,0.5219733008227032,0.2986636081800917,0.012738510362287339,0.06111567518408411,0.29895619988796374,0.284,0.487,0.4707070707070707,0.4747408371583632,0.56435394662625,146.414961496,0.556952985615,0.5717549076375,151.9854017325,140.8445212595
SVM,3,0.0,0.954,0.707487526240398,0.046049269820515576,0.008351075069403023,0.00030322624137520924,0.001525271774512765,0.04635249606189079,0.046,0.93,0.932,0.9300585174644148,0.9125099498875,160.12282497362497,0.91603476108,0.908985138695,154.52666824924998,165.718981698
SVM,3,0.1,0.95,0.7031869487280612,0.04884481117435084,0.02291329323188218,0.0013416812308147728,0.005988874149161886,0.11868079748667584,0.117,0.849,0.8586366505365033,0.8472749681899927,0.80096116702625,157.408406173375,0.7923919453799999,0.8095303886725,158.70152298575,156.115289361
SVM,3,0.3,0.922,0.9714045570329335,0.07531663245808394,0.052534031269918624,0.0032265743264182334,0.014907405941464034,0.2538964419866847,0.249,0.6779999999999999,0.6536789297658864,0.6503611848625888,0.6548442117475001,147.820878587,0.6269443559975,0.6827440674975,138.66161086625002,156.98014630775
SVM,3,0.5,0.545,5.537340756362383,0.4426587531962946,0.321216499786215,0.012066680833598619,0.05821023907394086,0.2947427115222814,0.279,0.54,0.3025011687704534,0.3779915462688571,0.5674844546575,150.241317180125,0.5371051258099999,0.597863783505,148.6332958475,151.84933851275002
SVM,4,0.0,0.956,0.6812926564055187,0.043910790666078676,0.011954145581401636,4.378413063700551e-05,0.0002719112243284139,0.04395457479671568,0.044,0.915,0.932,0.9164026031415602,0.90299657880625,157.45026568637502,0.8972679784950001,0.9087251791175,149.53000384274998,165.37052753000003
SVM,4,0.1,0.936,0.9005788062699386,0.06153630808756046,0.0223757709502051,0.0012727950940645744,0.005741728354745947,0.12784854040873844,0.126,0.827,0.8441970727685014,0.8281641176125316,0.78656232949125,135.24811894325,0.7814255962375001,0.791699062745,140.921278884,129.5749590025
SVM,4,0.3,0.845,1.7749192997197638,0.15098085137294442,0.12197421234762161,0.005859834445028062,0.028357146982009845,0.2930999017120346,0.286,0.586,0.5062938596491229,0.5393906808549748,0.5977338313924999,134.64363553049998,0.5827581083800001,0.612709554405,131.58132961949997,137.7059414415
SVM,4,0.5,0.471,6.604672747228349,0.5122493590796644,0.3311366672306729,0.014327238037054286,0.067876740693835,0.2956398528455674,0.277,0.491,0.4765409193980622,0.4790293386673697,0.5548995790325,146.702690255625,0.55395449373,0.5558446643349999,141.59204882325,151.813331688
