sep,B,flip_y,seed,E1_err,E2_err,E4_err,E5_err,mu_Se_std
1.0,5,0.1,0,0.28800000000000003,0.2975163958052016,0.065,0.158,0.04487320756856529
1.0,5,0.1,1,0.09,0.10138246931130299,0.036000000000000004,0.022199999999999998,0.04374823957104599
1.0,5,0.1,2,0.20199999999999999,0.1854136717967689,0.008999999999999994,0.08759999999999998,0.04464269843822458
1.0,5,0.1,3,0.144,0.14091422495156966,0.017,0.05679999999999999,0.04339708918569815
1.0,5,0.1,4,0.17600000000000002,0.1598369168141611,0.0030000000000000027,0.0738,0.04467678005373022
1.0,5,0.2,0,0.196,0.1869057578904414,0.049000000000000016,0.060799999999999965,0.04415287333402569
1.0,5,0.2,1,0.04099999999999998,0.030902699993935023,0.11200000000000002,0.04180000000000003,0.045207212849620294
1.0,5,0.2,2,0.10099999999999998,0.10927310148633868,0.083,0.0015999999999999903,0.042840309709990546
1.0,5,0.2,3,0.09199999999999997,0.085479124161281,0.099,0.01200000000000001,0.04431312868908062
1.0,5,0.2,4,0.134,0.14305450992230034,0.066,0.01680000000000001,0.044388006331410976
1.0,5,0.3,0,0.173,0.1915753665627375,0.08099999999999999,0.009599999999999997,0.04574386882797971
1.0,5,0.3,1,0.019000000000000017,0.0024535840564611777,0.191,0.10039999999999999,0.043436223305717496
1.0,5,0.3,2,0.07700000000000001,0.09433738778690776,0.13899999999999998,0.05199999999999999,0.04470121509030422
1.0,5,0.3,3,0.06,0.058200343486984274,0.16699999999999998,0.0632,0.04513369444538827
1.0,5,0.3,4,0.08500000000000002,0.08617701427598706,0.155,0.04760000000000003,0.043670423496593065
1.0,5,0.4,0,0.12,0.14025760188387804,0.16000000000000003,0.05380000000000007,0.04606675081448971
1.0,5,0.4,1,0.04600000000000004,0.0679559264258689,0.29100000000000004,0.189,0.046907235493910876
1.0,5,0.4,2,0.05499999999999999,0.04663640314539319,0.23,0.11540000000000006,0.04386311212168568
1.0,5,0.4,3,0.009999999999999953,0.024873965568962375,0.22600000000000003,0.13540000000000002,0.04429723865150062
1.0,5,0.4,4,0.01200000000000001,0.10209175486670491,0.23800000000000002,0.13780000000000003,0.04554401911959597
1.0,10,0.1,0,0.253,0.23114959836266882,0.01100000000000001,0.11859999999999998,0.02331609710466773
1.0,10,0.1,1,0.061,0.05560430706210859,0.064,0.001999999999999988,0.021439053132008445
1.0,10,0.1,2,0.154,0.1341798565820671,0.04900000000000001,0.05299999999999999,0.021753031474633595
1.0,10,0.1,3,0.11599999999999999,0.0993797404209816,0.058,0.03559999999999999,0.021477361461102778
1.0,10,0.1,4,0.13499999999999998,0.11825258704250749,0.058,0.0446,0.022942503940186574
1.0,10,0.2,0,0.16699999999999998,0.14846237739395018,0.11200000000000002,0.025999999999999995,0.02330768847093339
1.0,10,0.2,1,0.00799999999999998,0.007930625639429145,0.164,0.07340000000000002,0.022118339215569865
1.0,10,0.2,2,0.066,0.05933394213153459,0.137,0.026600000000000013,0.022238855223562684
1.0,10,0.2,3,0.05299999999999999,0.04135621308443449,0.15000000000000002,0.0408,0.02184388941694727
1.0,10,0.2,4,0.08899999999999997,0.08348657161073919,0.14200000000000002,0.02200000000000002,0.02239726246240981
1.0,10,0.3,0,0.07500000000000001,0.06860669736296116,0.207,0.06539999999999999,0.02341298399192008
1.0,10,0.3,1,0.02799999999999997,0.04262274741251931,0.243,0.1296,0.023094643675168957
1.0,10,0.3,2,0.01200000000000001,0.004061523189063165,0.22799999999999998,0.099,0.023666903057968217
1.0,10,0.3,3,0.03700000000000003,0.01706032286053888,0.21799999999999997,0.0884,0.02267491352846489
1.0,10,0.3,4,0.039000000000000035,0.034885888687014976,0.207,0.0864,0.023393505556851414
1.0,10,0.4,0,0.046999999999999986,0.01849727378535565,0.29300000000000004,0.12680000000000002,0.023375624105608016
1.0,10,0.4,1,0.10300000000000004,0.12447599449484936,0.34700000000000003,0.22280000000000003,0.024267370110534956
1.0,10,0.4,2,0.008000000000000007,0.02158928754994338,0.30400000000000005,0.15639999999999998,0.023340233226721744
1.0,10,0.4,3,0.050000000000000044,0.06527649972490962,0.316,0.18520000000000003,0.0224865567620176
1.0,10,0.4,4,0.04600000000000004,0.06404763815038961,0.322,0.17920000000000003,0.023731536708963146
1.0,15,0.1,0,0.223,0.20458272929540647,0.05500000000000001,0.09679999999999997,0.015517263220776435
1.0,15,0.1,1,0.056999999999999995,0.04710394031136758,0.079,0.004600000000000007,0.014071569158620999
1.0,15,0.1,2,0.134,0.1147019724708134,0.07100000000000001,0.03939999999999999,0.014725850640435566
1.0,15,0.1,3,0.1,0.0949457471631511,0.08,0.024400000000000005,0.014633604418701969
1.0,15,0.1,4,0.123,0.11068250299462659,0.07300000000000001,0.034999999999999976,0.014885919635523433
1.0,15,0.2,0,0.14799999999999996,0.1284866906475685,0.14200000000000002,0.015199999999999991,0.015224082161627711
1.0,15,0.2,1,0.010000000000000009,0.022826233322103623,0.18000000000000002,0.08520000000000003,0.015272912581381637
1.0,15,0.2,2,0.06,0.04609110009973516,0.161,0.03860000000000002,0.014889875635587205
1.0,15,0.2,3,0.043999999999999984,0.02596475827502301,0.17600000000000002,0.054800000000000015,0.013785166704120234
1.0,15,0.2,4,0.08499999999999996,0.06572290021149158,0.15700000000000003,0.02560000000000001,0.015267530638600443
1.0,15,0.3,0,0.07800000000000001,0.048297903891836025,0.22999999999999998,0.07219999999999999,0.01599412349816908
1.0,15,0.3,1,0.03999999999999998,0.054534459134000735,0.266,0.1412,0.015811185161640522
1.0,15,0.3,2,0.0010000000000000009,0.014357994273550723,0.255,0.11399999999999999,0.01560169289939414
1.0,15,0.3,3,0.02300000000000002,0.007324269528148797,0.23299999999999998,0.09799999999999998,0.015548102940990481
1.0,15,0.3,4,0.02300000000000002,0.000730647730895817,0.244,0.10420000000000001,0.015740372229896472
1.0,15,0.4,0,0.021999999999999964,0.006472619518322342,0.326,0.14240000000000003,0.015448560179279019
1.0,15,0.4,1,0.121,0.13462990419279464,0.35900000000000004,0.22820000000000001,0.01566321600824471
1.0,15,0.4,2,0.028000000000000025,0.04587110657501303,0.333,0.17160000000000003,0.01555617951631098
1.0,15,0.4,3,0.064,0.08587326777821042,0.339,0.19740000000000002,0.015387244829800712
1.0,15,0.4,4,0.068,0.08311685930576507,0.35000000000000003,0.19460000000000005,0.016089412947133702
1.0,25,0.1,0,0.212,0.19957678003011334,0.068,0.09039999999999998,0.009551018485977308
1.0,25,0.1,1,0.04899999999999999,0.042000048944157875,0.08600000000000001,0.0068000000000000005,0.009005288107138553
1.0,25,0.1,2,0.12,0.10599943033650405,0.084,0.031199999999999978,0.009385701489757843
1.0,25,0.1,3,0.094,0.09098332440128129,0.08900000000000001,0.01899999999999999,0.00856752766987839
1.0,25,0.1,4,0.11099999999999999,0.10699664194878547,0.08700000000000001,0.02939999999999998,0.009107803598829414
1.0,25,0.2,0,0.131,0.11613317913591853,0.16,0.0013999999999999568,0.009544521535481321
1.0,25,0.2,1,0.015000000000000013,0.022999996918019017,0.19,0.08980000000000002,0.009355873889849122
1.0,25,0.2,2,0.05499999999999999,0.047935859111655515,0.17200000000000001,0.040600000000000025,0.009255754851152178
1.0,25,0.2,3,0.033,0.01999998880911133,0.19,0.061,0.009488340298710438
1.0,25,0.2,4,0.07400000000000001,0.042998709076461195,0.169,0.03880000000000003,0.009464439889902648
1.0,25,0.3,0,0.05299999999999999,0.033024987599104494,0.258,0.08639999999999998,0.00968049906235742
1.0,25,0.3,1,0.05399999999999999,0.06035426795008281,0.27799999999999997,0.1484,0.00956036054675059
1.0,25,0.3,2,0.0040000000000000036,0.016582585723308507,0.261,0.11819999999999997,0.009642811832700786
1.0,25,0.3,3,0.0020000000000000018,0.019986279399748785,0.27499999999999997,0.12139999999999998,0.00943869898117509
1.0,25,0.3,4,0.0010000000000000009,0.01595445370743137,0.269,0.11720000000000003,0.00951301133296101
1.0,25,0.4,0,0.0040000000000000036,0.014991109095172095,0.35600000000000004,0.1526,0.009809599520341696
1.0,25,0.4,1,0.136,0.1549961067243294,0.382,0.2416,0.009759886737394525
1.0,25,0.4,2,0.05500000000000005,0.06602245091544368,0.36200000000000004,0.18560000000000001,0.009818288317352717
1.0,25,0.4,3,0.09400000000000003,0.11234185657009388,0.373,0.21520000000000003,0.009792908407711399
1.0,25,0.4,4,0.07600000000000001,0.08697994723461078,0.36200000000000004,0.19820000000000004,0.009991727610863038
1.0,50,0.1,0,0.205,0.19499985236395687,0.081,0.08579999999999999,0.005072523408090934
1.0,50,0.1,1,0.045999999999999985,0.04400000586144917,0.095,0.01100000000000001,0.004741136559156405
1.0,50,0.1,2,0.11499999999999999,0.10999994803461924,0.09000000000000001,0.031199999999999978,0.004863216031400618
1.0,50,0.1,3,0.091,0.08800000352155857,0.092,0.015999999999999986,0.0048264990621129595
1.0,50,0.1,4,0.10799999999999998,0.10199938835860425,0.08900000000000001,0.026799999999999963,0.005061433840974794
1.0,50,0.2,0,0.11599999999999999,0.10284648943402225,0.17700000000000002,0.009000000000000008,0.005094694320148248
1.0,50,0.2,1,0.025000000000000022,0.02799533972588278,0.197,0.09440000000000001,0.005175308213173856
1.0,50,0.2,2,0.043999999999999984,0.03899995468206799,0.186,0.05100000000000002,0.004945416412938812
1.0,50,0.2,3,0.028999999999999998,0.02080001455354047,0.192,0.063,0.004938778429274757
1.0,50,0.2,4,0.063,0.053001918383924596,0.183,0.040200000000000014,0.005245599422061627
1.0,50,0.3,0,0.043999999999999984,0.03699497982951322,0.27599999999999997,0.08819999999999997,0.005152756188163037
1.0,50,0.3,1,0.064,0.06900000542504081,0.292,0.1576,0.005119203567505284
1.0,50,0.3,2,0.019999999999999962,0.035976606991432125,0.283,0.13119999999999998,0.005361457174865327
1.0,50,0.3,3,0.018000000000000016,0.02503631884327362,0.284,0.12619999999999998,0.005111573907198685
1.0,50,0.3,4,0.009000000000000008,0.020002506377461093,0.289,0.1264,0.005062718922982883
1.0,50,0.4,0,0.02100000000000002,0.030998473575641228,0.377,0.16760000000000003,0.005230618720259966
1.0,50,0.4,1,0.14200000000000002,0.14901140500092308,0.389,0.24440000000000003,0.005069621967411808
1.0,50,0.4,2,0.063,0.0730011780993316,0.378,0.19440000000000002,0.005180989081171306
1.0,50,0.4,3,0.10400000000000004,0.11499634549302662,0.385,0.22240000000000004,0.00529776451395315
1.0,50,0.4,4,0.09000000000000002,0.10100014313676714,0.384,0.21300000000000005,0.005137753761041472
2.0,5,0.1,0,0.07999999999999999,0.08880570664828563,0.04700000000000001,0.01239999999999998,0.04088324952933811
2.0,5,0.1,1,0.037000000000000005,0.040000005666449366,0.099,0.063,0.03963753640400829
2.0,5,0.1,2,0.0010000000000000009,0.0036361650748799046,0.079,0.034,0.03886624424150631
2.0,5,0.1,3,0.014000000000000012,0.017975254327231405,0.083,0.046400000000000004,0.03952884412428381
2.0,5,0.1,4,0.0,0.0061123190192020616,0.084,0.03780000000000001,0.03948349342395845
2.0,5,0.2,0,0.00899999999999998,0.02327905500033034,0.129,0.06480000000000002,0.04125425130845907
2.0,5,0.2,1,0.08000000000000002,0.08500011920324779,0.189,0.1266,0.0428733519673256
2.0,5,0.2,2,0.058000000000000024,0.06668504715374035,0.17300000000000001,0.11,0.042714877024090984
2.0,5,0.2,3,0.07100000000000001,0.08921080214855467,0.17700000000000002,0.12480000000000001,0.04009055005853398
2.0,5,0.2,4,0.013000000000000012,0.020451909320226003,0.15600000000000003,0.0798,0.04256444947889001
2.0,5,0.3,0,0.018000000000000016,0.008857152751536146,0.209,0.1274,0.044965440743704226
2.0,5,0.3,1,0.124,0.13700040181799183,0.27899999999999997,0.19379999999999997,0.04289312970630193
2.0,5,0.3,2,0.09699999999999998,0.10968706506821554,0.261,0.1752,0.044534302624041684
2.0,5,0.3,3,0.059,0.07108758122318162,0.246,0.1518,0.042558217790635754
2.0,5,0.3,4,0.057999999999999996,0.06688792407970029,0.245,0.143,0.04357149281291545
2.0,5,0.4,0,0.05600000000000005,0.06942355588549909,0.28,0.1846,0.04511077545276525
2.0,5,0.4,1,0.16300000000000003,0.17721757688948644,0.35900000000000004,0.257,0.04361624053980124
2.0,5,0.4,2,0.119,0.12457847614355977,0.325,0.22300000000000003,0.04365039848381932
2.0,5,0.4,3,0.131,0.14401590699290978,0.34,0.23380000000000004,0.04451945843201901
2.0,5,0.4,4,0.11800000000000005,0.1367498848609915,0.343,0.22300000000000003,0.04389946756551036
2.0,10,0.1,0,0.055999999999999994,0.04955061877052819,0.069,0.0018000000000000238,0.020190135215869078
2.0,10,0.1,1,0.04000000000000001,0.039999996802506016,0.1,0.064,0.01789718999553992
2.0,10,0.1,2,0.0040000000000000036,0.009999069678859732,0.08800000000000001,0.04120000000000001,0.01823002409647947
2.0,10,0.1,3,0.020000000000000004,0.02200020325134598,0.093,0.0504,0.017846971595972712
2.0,10,0.1,4,0.006000000000000005,0.00998607471430435,0.09100000000000001,0.04180000000000001,0.01970871814169053
2.0,10,0.2,0,0.016000000000000014,0.02305477136062173,0.162,0.08040000000000001,0.020524613381603517
2.0,10,0.2,1,0.08200000000000002,0.08899999969188402,0.195,0.1302,0.02024471128766342
2.0,10,0.2,2,0.07200000000000001,0.0770000374773909,0.191,0.12260000000000001,0.02053653862562008
2.0,10,0.2,3,0.08600000000000001,0.0889989459958557,0.19,0.12940000000000002,0.019215212431519725
2.0,10,0.2,4,0.027000000000000024,0.03325453450710514,0.17800000000000002,0.0922,0.021332376973966005
2.0,10,0.3,0,0.063,0.07685507873288877,0.266,0.1538,0.022306713913768556
2.0,10,0.3,1,0.13599999999999998,0.14000000661785048,0.295,0.20199999999999999,0.021401891602956063
2.0,10,0.3,2,0.11099999999999999,0.1266046683080292,0.282,0.1884,0.02111448373184356
2.0,10,0.3,3,0.095,0.10201243660773032,0.27999999999999997,0.1732,0.021679973565564913
2.0,10,0.3,4,0.06799999999999998,0.07532256828807576,0.26,0.1526,0.022250532267593468
2.0,10,0.4,0,0.10600000000000004,0.12208689088640307,0.335,0.2156,0.022826110419649093
2.0,10,0.4,1,0.18500000000000003,0.19100347228915882,0.384,0.26820000000000005,0.023189062771462453
2.0,10,0.4,2,0.15100000000000002,0.16403716318390887,0.368,0.2474,0.0224468446370344
2.0,10,0.4,3,0.15800000000000003,0.1719661123477953,0.375,0.2514,0.022136161893304716
2.0,10,0.4,4,0.135,0.14715619651722556,0.371,0.23660000000000003,0.022446121585378145
2.0,15,0.1,0,0.05099999999999999,0.045031626921730655,0.07800000000000001,0.005400000000000016,0.013265428174590331
2.0,15,0.1,1,0.04000000000000001,0.0410000050849607,0.099,0.06360000000000002,0.012114280808493203
2.0,15,0.1,2,0.010000000000000009,0.011002669203627885,0.095,0.04460000000000001,0.012044322784690573
2.0,15,0.1,3,0.021000000000000005,0.02500017916220633,0.096,0.05340000000000001,0.011453351400923337
2.0,15,0.1,4,0.008000000000000007,0.009000013818407523,0.094,0.04300000000000001,0.01288817927956699
2.0,15,0.2,0,0.02400000000000002,0.031017259673672,0.17300000000000001,0.0896,0.013878419616401055
2.0,15,0.2,1,0.08700000000000001,0.08900001063750676,0.198,0.13260000000000002,0.012726871776447905
2.0,15,0.2,2,0.07100000000000001,0.07799999373554879,0.194,0.12380000000000002,0.013335547268730045
2.0,15,0.2,3,0.085,0.09399999561318267,0.191,0.1316,0.012716229462673999
2.0,15,0.2,4,0.03,0.035004861106381874,0.183,0.0942,0.014018433545304063
2.0,15,0.3,0,0.06799999999999998,0.07999150780930653,0.27,0.15599999999999997,0.015907843715935725
2.0,15,0.3,1,0.13699999999999998,0.13999999552279752,0.296,0.20179999999999998,0.014360928606224708
2.0,15,0.3,2,0.11499999999999999,0.12900126440885723,0.284,0.1904,0.015458591571645714
2.0,15,0.3,3,0.09799999999999998,0.10600459199215562,0.288,0.1788,0.014294868420580883
2.0,15,0.3,4,0.07899999999999999,0.09295290618555213,0.27899999999999997,0.1668,0.015044846748962197
2.0,15,0.4,0,0.11600000000000005,0.13781919495246786,0.35900000000000004,0.22700000000000004,0.015371403866383887
2.0,15,0.4,1,0.19000000000000003,0.19579907632039673,0.389,0.27020000000000005,0.015250258515088424
2.0,15,0.4,2,0.15900000000000003,0.16897577842694694,0.375,0.2514,0.014846104598295308
2.0,15,0.4,3,0.16100000000000003,0.170817727955702,0.382,0.2548,0.014876275102792517
2.0,15,0.4,4,0.14,0.149577176751841,0.379,0.24100000000000005,0.014656451620106384
2.0,25,0.1,0,0.044999999999999984,0.03600298836358981,0.08900000000000001,0.012200000000000003,0.008007554517620986
2.0,25,0.1,1,0.03900000000000001,0.03899999747730981,0.098,0.0626,0.007380623882393757
2.0,25,0.1,2,0.009000000000000008,0.0139999944573021,0.095,0.04520000000000001,0.007768717723512796
2.0,25,0.1,3,0.023000000000000007,0.02599998315378324,0.097,0.05380000000000001,0.007074942627280287
2.0,25,0.1,4,0.009000000000000008,0.010999981876865933,0.095,0.044000000000000004,0.0077372538172473405
2.0,25,0.2,0,0.031,0.03988003408141794,0.183,0.09720000000000001,0.008769187335600118
2.0,25,0.2,1,0.08600000000000001,0.088999975458776,0.198,0.13260000000000002,0.008359932756486806
2.0,25,0.2,2,0.07700000000000001,0.07899998742341433,0.197,0.1256,0.008318674011291327
2.0,25,0.2,3,0.09100000000000001,0.0949999895021543,0.194,0.134,0.008107818870469635
2.0,25,0.2,4,0.033,0.042999984281614084,0.189,0.09960000000000001,0.008393890177893396
2.0,25,0.3,0,0.07499999999999998,0.08501678176512245,0.283,0.16419999999999998,0.008993802889846246
2.0,25,0.3,1,0.13799999999999998,0.13899997998920607,0.298,0.2026,0.00913864773735778
2.0,25,0.3,2,0.121,0.1300000066522661,0.292,0.19419999999999998,0.009149158989948138
2.0,25,0.3,3,0.09999999999999998,0.10899998595260435,0.293,0.182,0.008949392461539933
2.0,25,0.3,4,0.08499999999999999,0.09600000087393695,0.289,0.1714,0.009437353953750088
2.0,25,0.4,0,0.131,0.14910729643947718,0.371,0.23720000000000002,0.009615312031636585
2.0,25,0.4,1,0.19200000000000003,0.19499997386987755,0.395,0.275,0.009656016860022407
2.0,25,0.4,2,0.15800000000000003,0.1699905289551693,0.383,0.254,0.0095454821842234
2.0,25,0.4,3,0.168,0.17300002600548534,0.39,0.25980000000000003,0.009184461057933047
2.0,25,0.4,4,0.14400000000000002,0.15099998686070948,0.394,0.24760000000000001,0.009189179408990384
2.0,50,0.1,0,0.043999999999999984,0.035999964440984994,0.093,0.015600000000000003,0.004370315129668715
2.0,50,0.1,1,0.03900000000000001,0.03899999319701517,0.1,0.06340000000000001,0.003778165260293633
2.0,50,0.1,2,0.010000000000000009,0.0120000122473755,0.096,0.04500000000000001,0.0041600470436138955
2.0,50,0.1,3,0.02500000000000001,0.024999984533429567,0.1,0.05500000000000001,0.003752532104776838
2.0,50,0.1,4,0.010000000000000009,0.01100000041061544,0.098,0.045200000000000004,0.004057686302011584
2.0,50,0.2,0,0.033,0.03699999428940409,0.185,0.09620000000000001,0.004644900448171539
2.0,50,0.2,1,0.08700000000000001,0.08799998414752477,0.197,0.1316,0.004682206063989037
2.0,50,0.2,2,0.07800000000000001,0.07899999590881317,0.198,0.126,0.004355575972158935
2.0,50,0.2,3,0.09200000000000001,0.09462283987143383,0.199,0.136,0.004389550336603457
2.0,50,0.2,4,0.04100000000000001,0.0421271276955239,0.196,0.10300000000000001,0.0047684270637382686
2.0,50,0.3,0,0.08199999999999999,0.08700001493736173,0.291,0.1686,0.005054584020855194
2.0,50,0.3,1,0.13899999999999998,0.1398396097098836,0.299,0.20299999999999999,0.004668669366235129
2.0,50,0.3,2,0.125,0.12600488124973314,0.296,0.194,0.005120327512410249
2.0,50,0.3,3,0.10699999999999998,0.10700002306245815,0.299,0.1838,0.004756643637986754
2.0,50,0.3,4,0.087,0.09100020442805878,0.291,0.1704,0.0048387482190947375
2.0,50,0.4,0,0.14800000000000002,0.1529999895157059,0.391,0.24820000000000003,0.005135507472161144
2.0,50,0.4,1,0.6,0.1969999578014723,0.6,0.12239999999999995,0.10791208501514182
2.0,50,0.4,2,0.168,0.17101553964804145,0.395,0.26060000000000005,0.005050563585962688
2.0,50,0.4,3,0.17400000000000002,0.17599772535696173,0.395,0.263,0.0050505322184681385
2.0,50,0.4,4,0.14900000000000002,0.15399674713683548,0.393,0.24780000000000002,0.004989851754060904
