class_sep,flip_y,seed,E1,E2,E4,E5,E1_err,E2_err,E4_err,E5_err,type_C_frac
0.5,0.0,0,0.405,0.3812265262518065,0.039,0.2448,0.405,0.3812265262518065,0.039,0.2448,0.589
0.5,0.0,1,0.267,0.2570011033605921,0.015,0.162,0.267,0.2570011033605921,0.015,0.162,0.733
0.5,0.0,2,0.316,0.3049989861476923,0.016,0.19119999999999998,0.316,0.3049989861476923,0.016,0.19119999999999998,0.68
0.5,0.0,3,0.316,0.29900001003857457,0.021,0.19199999999999998,0.316,0.29900001003857457,0.021,0.19199999999999998,0.681
0.5,0.0,4,0.317,0.30979342682019373,0.025,0.1948,0.317,0.30979342682019373,0.025,0.1948,0.682
0.5,0.0,5,0.286,0.2820007179818644,0.015,0.17639999999999997,0.286,0.2820007179818644,0.015,0.17639999999999997,0.712
0.5,0.05,0,0.424,0.4019003054852368,0.036,0.2556,0.374,0.3519003054852368,0.014000000000000005,0.2056,0.569
0.5,0.05,1,0.278,0.2690004176548778,0.021,0.1698,0.22800000000000004,0.21900041765487782,0.029,0.1198,0.722
0.5,0.05,2,0.325,0.3139987054141399,0.019,0.2008,0.275,0.2639987054141399,0.031000000000000003,0.1508,0.671
0.5,0.05,3,0.323,0.31399741662944936,0.013,0.1942,0.273,0.26399741662944937,0.037000000000000005,0.1442,0.675
0.5,0.05,4,0.335,0.3200007685264139,0.022,0.202,0.28500000000000003,0.2700007685264139,0.028000000000000004,0.15200000000000002,0.664
0.5,0.05,5,0.293,0.28499879064640077,0.014,0.17779999999999999,0.243,0.23499879064640078,0.036000000000000004,0.12779999999999997,0.706
0.5,0.1,0,0.416,0.39301229868720555,0.026,0.2492,0.31599999999999995,0.2930122986872056,0.07400000000000001,0.1492,0.583
0.5,0.1,1,0.3,0.283004627011078,0.02,0.179,0.19999999999999998,0.18300462701107797,0.08,0.07899999999999999,0.699
0.5,0.1,2,0.351,0.33699018686027593,0.017,0.21080000000000002,0.251,0.23699018686027593,0.083,0.11080000000000001,0.647
0.5,0.1,3,0.322,0.30694730815222293,0.017,0.19219999999999998,0.222,0.20694730815222293,0.083,0.09219999999999998,0.674
0.5,0.1,4,0.33,0.31601558584740397,0.015,0.19920000000000002,0.23,0.21601558584740396,0.085,0.09920000000000001,0.665
0.5,0.1,5,0.321,0.3060186054415556,0.019,0.19299999999999998,0.221,0.20601860544155562,0.081,0.09299999999999997,0.677
0.5,0.15,0,0.416,0.39322564836974705,0.04,0.2566,0.266,0.24322564836974706,0.10999999999999999,0.1066,0.581
0.5,0.15,1,0.318,0.30598690748787405,0.024,0.1938,0.168,0.15598690748787405,0.126,0.043800000000000006,0.682
0.5,0.15,2,0.351,0.334986454316077,0.017,0.2084,0.20099999999999998,0.184986454316077,0.133,0.05840000000000001,0.648
0.5,0.15,3,0.35,0.3370000009264443,0.013,0.20800000000000002,0.19999999999999998,0.18700000092644428,0.13699999999999998,0.058000000000000024,0.647
0.5,0.15,4,0.352,0.3349996210476213,0.021,0.2094,0.20199999999999999,0.18499962104762133,0.129,0.05940000000000001,0.647
0.5,0.15,5,0.33,0.3209995145335377,0.013,0.1996,0.18000000000000002,0.1709995145335377,0.13699999999999998,0.049600000000000005,0.664
0.5,0.2,0,0.414,0.39907646649936285,0.033,0.2526,0.21399999999999997,0.19907646649936284,0.167,0.05259999999999998,0.581
0.5,0.2,1,0.33,0.31193690083131326,0.022,0.1984,0.13,0.11193690083131325,0.17800000000000002,0.001600000000000018,0.668
0.5,0.2,2,0.361,0.3450471705308925,0.025,0.2188,0.16099999999999998,0.1450471705308925,0.17500000000000002,0.018799999999999983,0.636
0.5,0.2,3,0.348,0.3309998903312119,0.019,0.2092,0.14799999999999996,0.1309998903312119,0.18100000000000002,0.009199999999999986,0.649
0.5,0.2,4,0.383,0.36200026645656735,0.022,0.2308,0.183,0.16200026645656734,0.17800000000000002,0.030799999999999994,0.615
0.5,0.2,5,0.342,0.3366997101291761,0.027,0.2124,0.14200000000000002,0.1366997101291761,0.17300000000000001,0.012399999999999994,0.656
0.5,0.25,0,0.431,0.4108761267006899,0.03,0.2598,0.181,0.1608761267006899,0.22,0.009799999999999975,0.565
0.5,0.25,1,0.334,0.32199832174039456,0.012,0.1986,0.08400000000000002,0.07199832174039456,0.238,0.0514,0.662
0.5,0.25,2,0.375,0.3659785869306412,0.023,0.2288,0.125,0.11597858693064123,0.227,0.021199999999999997,0.623
0.5,0.25,3,0.374,0.3580007240971815,0.021,0.2244,0.124,0.10800072409718148,0.229,0.02560000000000001,0.626
0.5,0.25,4,0.37,0.35683566843943515,0.026,0.22579999999999997,0.12,0.10683566843943515,0.224,0.024200000000000027,0.626
0.5,0.25,5,0.329,0.31899991714384035,0.017,0.2006,0.07900000000000001,0.06899991714384035,0.23299999999999998,0.0494,0.67
0.5,0.3,0,0.438,0.4149470108039545,0.04,0.26499999999999996,0.138,0.11494701080395453,0.26,0.03500000000000003,0.558
0.5,0.3,1,0.351,0.3379639711929081,0.025,0.2134,0.05099999999999999,0.03796397119290812,0.27499999999999997,0.08659999999999998,0.647
0.5,0.3,2,0.397,0.37900801705402865,0.028,0.241,0.09700000000000003,0.07900801705402866,0.27199999999999996,0.059,0.599
0.5,0.3,3,0.391,0.37531001461721336,0.028,0.2368,0.09100000000000003,0.07531001461721337,0.27199999999999996,0.06319999999999998,0.607
0.5,0.3,4,0.386,0.3729330472750751,0.025,0.2338,0.08600000000000002,0.0729330472750751,0.27499999999999997,0.06619999999999998,0.612
0.5,0.3,5,0.367,0.35501590836449837,0.028,0.2248,0.067,0.05501590836449838,0.27199999999999996,0.07519999999999999,0.628
0.5,0.35,0,0.453,0.4220026735224123,0.036,0.27240000000000003,0.10300000000000004,0.0720026735224123,0.314,0.07759999999999995,0.545
0.5,0.35,1,0.347,0.3358797224534228,0.026,0.2126,0.0030000000000000027,0.014120277546577187,0.32399999999999995,0.13739999999999997,0.65
0.5,0.35,2,0.418,0.4037162640946893,0.035,0.2564,0.068,0.053716264094689326,0.31499999999999995,0.09359999999999996,0.578
0.5,0.35,3,0.373,0.36493748662826037,0.023,0.22820000000000001,0.02300000000000002,0.014937486628260388,0.32699999999999996,0.12179999999999996,0.624
0.5,0.35,4,0.388,0.3700003204976918,0.03,0.2346,0.038000000000000034,0.020000320497691848,0.31999999999999995,0.11539999999999997,0.605
0.5,0.35,5,0.375,0.3611377379312797,0.024,0.2292,0.025000000000000022,0.011137737931279701,0.32599999999999996,0.12079999999999999,0.62
0.5,0.4,0,1.0,0.43662711590021924,1.0,0.67,0.6,0.03662711590021922,0.6,0.27,0.0
0.5,0.4,1,0.398,0.38281000814458965,0.032,0.2426,0.0020000000000000018,0.01718999185541037,0.368,0.1574,0.6
0.5,0.4,2,1.0,0.39433470294237016,1.0,0.6448,0.6,0.005665297057629859,0.6,0.24480000000000002,0.0
0.5,0.4,3,0.406,0.38687445391733544,0.032,0.2456,0.006000000000000005,0.013125546082664585,0.368,0.1544,0.592
0.5,0.4,4,0.402,0.3829854717487342,0.034,0.2434,0.0020000000000000018,0.017014528251265815,0.366,0.15660000000000002,0.596
0.5,0.4,5,0.393,0.370965258055645,0.032,0.2372,0.007000000000000006,0.029034741944355014,0.368,0.16280000000000003,0.597
0.5,0.5,0,0.45,0.43670279846975474,0.029,0.27499999999999997,0.04999999999999999,0.06329720153024526,0.471,0.22500000000000003,0.545
0.5,0.5,1,0.422,0.399022308767226,0.039,0.2556,0.07800000000000001,0.100977691232774,0.461,0.2444,0.578
0.5,0.5,2,0.428,0.4081062944485565,0.023,0.25699999999999995,0.07200000000000001,0.0918937055514435,0.477,0.24300000000000005,0.567
0.5,0.5,3,0.44,0.42778243861279985,0.036,0.2688,0.06,0.07221756138720015,0.464,0.23120000000000002,0.557
0.5,0.5,4,0.464,0.43905646487703787,0.044,0.28099999999999997,0.035999999999999976,0.060943535122962134,0.456,0.21900000000000003,0.531
0.5,0.5,5,0.397,0.38496874461976993,0.032,0.2438,0.10299999999999998,0.11503125538023007,0.46799999999999997,0.2562,0.6
1.0,0.0,0,0.283,0.2808418153741511,0.014,0.1742,0.283,0.2808418153741511,0.014,0.1742,0.715
1.0,0.0,1,0.097,0.09299941937663435,0.004,0.057999999999999996,0.097,0.09299941937663435,0.004,0.057999999999999996,0.902
1.0,0.0,2,0.168,0.1649999996164464,0.007,0.1018,0.168,0.1649999996164464,0.007,0.1018,0.832
1.0,0.0,3,0.165,0.16000031304390366,0.007,0.09999999999999999,0.165,0.16000031304390366,0.007,0.09999999999999999,0.835
1.0,0.0,4,0.173,0.17009839089782308,0.01,0.10660000000000001,0.173,0.17009839089782308,0.01,0.10660000000000001,0.825
1.0,0.0,5,0.121,0.11899171158527092,0.008,0.07459999999999999,0.121,0.11899171158527092,0.008,0.07459999999999999,0.879
1.0,0.05,0,1.0,0.28783185939279987,1.0,0.5746,0.95,0.23783185939279988,0.95,0.5246,0.0
1.0,0.05,1,0.113,0.11199998647761367,0.002,0.06799999999999999,0.063,0.061999986477613664,0.048,0.017999999999999988,0.886
1.0,0.05,2,0.178,0.17497773600652794,0.006,0.10799999999999998,0.128,0.12497773600652794,0.044000000000000004,0.05799999999999998,0.822
1.0,0.05,3,0.181,0.17200001967548278,0.01,0.10959999999999999,0.131,0.12200001967548278,0.04,0.059599999999999986,0.817
1.0,0.05,4,0.194,0.18500002468791332,0.014,0.1184,0.14400000000000002,0.13500002468791333,0.036000000000000004,0.0684,0.805
1.0,0.05,5,0.134,0.1340000037704667,0.004,0.082,0.084,0.0840000037704667,0.046,0.032,0.866
1.0,0.1,0,0.3,0.29000002140753844,0.015,0.1812,0.19999999999999998,0.19000002140753844,0.085,0.0812,0.698
1.0,0.1,1,0.145,0.14399999677310824,0.002,0.08719999999999999,0.044999999999999984,0.04399999677310823,0.098,0.01280000000000002,0.854
1.0,0.1,2,0.212,0.20999996125616338,0.008,0.1298,0.11199999999999999,0.10999996125616338,0.092,0.029799999999999993,0.786
1.0,0.1,3,0.191,0.18699997542242014,0.005,0.11599999999999999,0.091,0.08699997542242013,0.095,0.015999999999999986,0.808
1.0,0.1,4,0.207,0.20236800072569205,0.007,0.1246,0.10699999999999998,0.10236800072569205,0.093,0.024599999999999997,0.792
1.0,0.1,5,0.16,0.1570039109315225,0.005,0.0968,0.06,0.05700391093152249,0.095,0.0032000000000000084,0.84
1.0,0.15,0,0.307,0.2942463231140793,0.017,0.188,0.157,0.14424632311407928,0.133,0.038000000000000006,0.689
1.0,0.15,1,0.161,0.15399999287351193,0.009,0.09720000000000001,0.01100000000000001,0.003999992873511937,0.141,0.052799999999999986,0.838
1.0,0.15,2,0.225,0.21797921940819318,0.007,0.13419999999999999,0.07500000000000001,0.06797921940819318,0.143,0.01580000000000001,0.773
1.0,0.15,3,0.219,0.21400082154194072,0.007,0.1324,0.069,0.06400082154194073,0.143,0.017600000000000005,0.778
1.0,0.15,4,0.229,0.2240000018271096,0.007,0.1372,0.07900000000000001,0.07400000182710961,0.143,0.012800000000000006,0.771
1.0,0.15,5,0.188,0.1839999999600259,0.009,0.114,0.038000000000000006,0.033999999960025895,0.141,0.03599999999999999,0.81
1.0,0.2,0,0.323,0.30300012738053556,0.027,0.1956,0.123,0.10300012738053554,0.17300000000000001,0.004400000000000015,0.677
1.0,0.2,1,0.18,0.1760000025593727,0.007,0.10899999999999999,0.020000000000000018,0.023999997440627308,0.193,0.09100000000000003,0.82
1.0,0.2,2,0.241,0.23599999129324806,0.009,0.147,0.04099999999999998,0.035999991293248046,0.191,0.05300000000000002,0.756
1.0,0.2,3,0.228,0.2204443574402768,0.008,0.137,0.027999999999999997,0.020444357440276784,0.192,0.063,0.771
1.0,0.2,4,0.264,0.2559842184024977,0.015,0.1596,0.064,0.055984218402497676,0.185,0.04040000000000002,0.734
1.0,0.2,5,0.218,0.21000016947796962,0.013,0.133,0.017999999999999988,0.010000169477969612,0.187,0.067,0.779
1.0,0.25,0,0.335,0.31998059304225024,0.016,0.20199999999999999,0.08500000000000002,0.06998059304225024,0.23399999999999999,0.048000000000000015,0.663
1.0,0.25,1,0.208,0.20399999812025937,0.007,0.1258,0.04200000000000001,0.046000001879740626,0.243,0.1242,0.792
1.0,0.25,2,0.257,0.24701150949256856,0.016,0.15699999999999997,0.007000000000000006,0.0029884905074314405,0.23399999999999999,0.09300000000000003,0.74
1.0,0.25,3,0.256,0.24799988943182663,0.009,0.1548,0.006000000000000005,0.002000110568173369,0.241,0.0952,0.742
1.0,0.25,4,0.26,0.25100003269656046,0.011,0.1556,0.010000000000000009,0.00100003269656046,0.239,0.09440000000000001,0.737
1.0,0.25,5,0.214,0.20901518291349397,0.012,0.1314,0.036000000000000004,0.04098481708650603,0.238,0.11860000000000001,0.785
1.0,0.3,0,0.343,0.33140904087562145,0.024,0.21,0.04300000000000004,0.03140904087562146,0.27599999999999997,0.09,0.656
1.0,0.3,1,0.238,0.23100000702829943,0.006,0.14220000000000002,0.062,0.06899999297170056,0.294,0.15779999999999997,0.762
1.0,0.3,2,0.278,0.27199616208060784,0.013,0.169,0.021999999999999964,0.02800383791939215,0.287,0.13099999999999998,0.72
1.0,0.3,3,0.282,0.27903125188699407,0.013,0.17320000000000002,0.018000000000000016,0.02096874811300592,0.287,0.12679999999999997,0.717
1.0,0.3,4,0.29,0.28000001787729234,0.011,0.17359999999999998,0.010000000000000009,0.01999998212270765,0.289,0.1264,0.709
1.0,0.3,5,0.26,0.25399999402134177,0.012,0.1572,0.03999999999999998,0.04600000597865822,0.288,0.14279999999999998,0.738
1.0,0.35,0,0.37,0.3539929250229128,0.028,0.2254,0.020000000000000018,0.003992925022912819,0.32199999999999995,0.12459999999999999,0.627
1.0,0.35,1,0.233,0.23099998510790024,0.005,0.1412,0.11699999999999997,0.11900001489209974,0.345,0.20879999999999999,0.767
1.0,0.35,2,0.306,0.29400002200174824,0.012,0.18359999999999999,0.043999999999999984,0.05599997799825174,0.33799999999999997,0.1664,0.69
1.0,0.35,3,0.297,0.28750577439675806,0.017,0.18019999999999997,0.05299999999999999,0.062494225603241915,0.33299999999999996,0.1698,0.702
1.0,0.35,4,1.0,0.2906650219409441,1.0,0.5788,0.65,0.059334978059055854,0.65,0.2288,0.0
1.0,0.35,5,0.275,0.26499999150527753,0.008,0.16460000000000002,0.07499999999999996,0.08500000849472245,0.34199999999999997,0.18539999999999995,0.723
1.0,0.4,0,1.0,0.36015841088931083,1.0,0.6244000000000001,0.6,0.03984158911068919,0.6,0.22440000000000004,0.0
1.0,0.4,1,0.255,0.2469847477182689,0.011,0.15319999999999998,0.14500000000000002,0.15301525228173113,0.389,0.24680000000000005,0.743
1.0,0.4,2,0.339,0.3230255178011473,0.027,0.2076,0.061,0.07697448219885272,0.373,0.19240000000000002,0.66
1.0,0.4,3,0.293,0.28500003420948417,0.015,0.1788,0.10700000000000004,0.11499996579051586,0.385,0.22120000000000004,0.704
1.0,0.4,4,0.313,0.3009997620116262,0.019,0.18819999999999998,0.08700000000000002,0.09900023798837382,0.381,0.21180000000000004,0.684
1.0,0.4,5,1.0,0.2630194148932302,1.0,0.5596,0.6,0.1369805851067698,0.6,0.15959999999999996,0.0
1.0,0.5,0,0.393,0.3759940654103178,0.024,0.237,0.10699999999999998,0.12400593458968218,0.476,0.263,0.604
1.0,0.5,1,0.333,0.322983392270068,0.013,0.20020000000000002,0.16699999999999998,0.177016607729932,0.487,0.29979999999999996,0.665
1.0,0.5,2,0.377,0.3540154631432707,0.029,0.2294,0.123,0.1459845368567293,0.471,0.2706,0.616
1.0,0.5,3,0.36,0.34799247434346775,0.018,0.2166,0.14,0.15200752565653225,0.482,0.2834,0.638
1.0,0.5,4,0.381,0.36997504410409165,0.013,0.2278,0.119,0.13002495589590835,0.487,0.2722,0.616
1.0,0.5,5,1.0,0.3200006271153073,1.0,0.5962000000000001,0.5,0.1799993728846927,0.5,0.09620000000000006,0.0
1.5,0.0,0,0.185,0.1819999922136958,0.007,0.1132,0.185,0.1819999922136958,0.007,0.1132,0.815
1.5,0.0,1,0.023,0.023000001136854412,0.0,0.0138,0.023,0.023000001136854412,0.0,0.0138,0.977
1.5,0.0,2,0.084,0.08200000717876504,0.001,0.0496,0.084,0.08200000717876504,0.001,0.0496,0.916
1.5,0.0,3,0.065,0.06399999438292032,0.001,0.038799999999999994,0.065,0.06399999438292032,0.001,0.038799999999999994,0.933
1.5,0.0,4,0.096,0.09499999901129652,0.003,0.058199999999999995,0.096,0.09499999901129652,0.003,0.058199999999999995,0.904
1.5,0.0,5,0.033,0.03300000215303798,0.001,0.020200000000000003,0.033,0.03300000215303798,0.001,0.020200000000000003,0.967
1.5,0.05,0,0.2,0.19400002139666958,0.006,0.11939999999999999,0.15000000000000002,0.14400002139666956,0.044000000000000004,0.06939999999999999,0.8
1.5,0.05,1,0.047,0.0460000034147076,0.001,0.0286,0.0030000000000000027,0.0039999965852924035,0.049,0.021400000000000002,0.953
1.5,0.05,2,0.097,0.09381529106097777,0.005,0.059,0.047,0.04381529106097777,0.045000000000000005,0.008999999999999994,0.902
1.5,0.05,3,0.092,0.09200002152791514,0.0,0.0552,0.041999999999999996,0.04200002152791514,0.05,0.005199999999999996,0.907
1.5,0.05,4,0.119,0.11700001389283254,0.006,0.07319999999999999,0.06899999999999999,0.06700001389283254,0.044000000000000004,0.023199999999999985,0.881
1.5,0.05,5,0.054,0.052999994215313345,0.002,0.0326,0.003999999999999997,0.0029999942153133424,0.048,0.017400000000000006,0.946
1.5,0.1,0,0.215,0.20705303034396588,0.009,0.13019999999999998,0.11499999999999999,0.10705303034396588,0.09100000000000001,0.030199999999999977,0.784
1.5,0.1,1,0.08,0.07999998758393997,0.001,0.0484,0.020000000000000004,0.02000001241606003,0.099,0.05160000000000001,0.92
1.5,0.1,2,0.133,0.12900000837690892,0.007,0.0802,0.033,0.029000008376908915,0.093,0.019800000000000012,0.867
1.5,0.1,3,0.118,0.11699999202383167,0.002,0.071,0.017999999999999988,0.016999992023831664,0.098,0.029000000000000012,0.88
1.5,0.1,4,0.134,0.13200025028290283,0.004,0.0814,0.034,0.03200025028290282,0.096,0.018600000000000005,0.865
1.5,0.1,5,0.074,0.07200001448628196,0.003,0.044399999999999995,0.02600000000000001,0.027999985513718045,0.097,0.05560000000000001,0.926
1.5,0.15,0,0.223,0.2227521834546211,0.012,0.1386,0.07300000000000001,0.07275218345462112,0.13799999999999998,0.011399999999999993,0.774
1.5,0.15,1,0.106,0.1060000063335842,0.0,0.06359999999999999,0.044,0.0439999936664158,0.15,0.0864,0.894
1.5,0.15,2,0.147,0.14399999238182543,0.006,0.09,0.0030000000000000027,0.006000007618174569,0.144,0.06,0.852
1.5,0.15,3,0.145,0.14399802340731782,0.004,0.088,0.0050000000000000044,0.006001976592682173,0.146,0.062,0.855
1.5,0.15,4,0.164,0.16100000970113137,0.003,0.09780000000000001,0.014000000000000012,0.01100000970113138,0.147,0.05219999999999998,0.835
1.5,0.15,5,0.112,0.11000000203565649,0.005,0.0686,0.03799999999999999,0.0399999979643435,0.145,0.0814,0.888
1.5,0.2,0,0.235,0.227825384845251,0.008,0.1418,0.034999999999999976,0.02782538484525099,0.192,0.0582,0.765
1.5,0.2,1,0.128,0.1270000068176303,0.001,0.07719999999999999,0.07200000000000001,0.07299999318236972,0.199,0.12280000000000002,0.871
1.5,0.2,2,0.16,0.1540041723150732,0.007,0.09699999999999999,0.04000000000000001,0.0459958276849268,0.193,0.10300000000000002,0.839
1.5,0.2,3,0.151,0.14899966259703162,0.003,0.0906,0.049000000000000016,0.05100033740296839,0.197,0.10940000000000001,0.847
1.5,0.2,4,0.195,0.18700119982972577,0.006,0.11639999999999999,0.0050000000000000044,0.012998800170274244,0.194,0.08360000000000002,0.805
1.5,0.2,5,0.137,0.13700000227872308,0.003,0.08340000000000002,0.063,0.06299999772127693,0.197,0.1166,0.862
1.5,0.25,0,0.267,0.2639999963902424,0.008,0.16160000000000002,0.017000000000000015,0.013999996390242408,0.242,0.08839999999999998,0.732
1.5,0.25,1,0.157,0.15402413234081683,0.001,0.0934,0.093,0.09597586765918317,0.249,0.15660000000000002,0.843
1.5,0.25,2,0.191,0.18399998338158352,0.009,0.11460000000000001,0.059,0.06600001661841648,0.241,0.1354,0.808
1.5,0.25,3,0.188,0.17813996792621628,0.009,0.111,0.062,0.07186003207378372,0.241,0.139,0.812
1.5,0.25,4,0.222,0.21800002531265444,0.011,0.1352,0.027999999999999997,0.031999974687345556,0.239,0.11480000000000001,0.776
1.5,0.25,5,0.161,0.15799999622718852,0.004,0.0964,0.089,0.09200000377281148,0.246,0.15360000000000001,0.839
1.5,0.3,0,0.27,0.26505433798540345,0.018,0.1668,0.02999999999999997,0.034945662014596535,0.282,0.13319999999999999,0.725
1.5,0.3,1,0.18,0.1760003484665969,0.005,0.1094,0.12,0.12399965153340309,0.295,0.1906,0.819
1.5,0.3,2,0.208,0.20199236474585874,0.007,0.1246,0.092,0.09800763525414125,0.293,0.1754,0.792
1.5,0.3,3,0.232,0.22700000409608556,0.006,0.14040000000000002,0.06799999999999998,0.07299999590391443,0.294,0.15959999999999996,0.768
1.5,0.3,4,0.239,0.23400000690048636,0.007,0.14379999999999998,0.061,0.06599999309951363,0.293,0.1562,0.761
1.5,0.3,5,0.186,0.18300000840339342,0.004,0.112,0.11399999999999999,0.11699999159660657,0.296,0.188,0.813
1.5,0.35,0,0.307,0.30193248407074635,0.009,0.18599999999999997,0.04299999999999998,0.048067515929253624,0.34099999999999997,0.164,0.692
1.5,0.35,1,0.196,0.19200003167106353,0.005,0.1184,0.15399999999999997,0.15799996832893645,0.345,0.23159999999999997,0.803
1.5,0.35,2,0.251,0.2470028381919253,0.007,0.1522,0.09899999999999998,0.10299716180807467,0.34299999999999997,0.19779999999999998,0.747
1.5,0.35,3,0.233,0.23000002086390003,0.006,0.14040000000000002,0.11699999999999997,0.11999997913609994,0.344,0.20959999999999995,0.764
1.5,0.35,4,0.251,0.2470000005547035,0.012,0.153,0.09899999999999998,0.10299999944529648,0.33799999999999997,0.19699999999999998,0.748
1.5,0.35,5,0.214,0.20816462952134224,0.007,0.12819999999999998,0.13599999999999998,0.14183537047865774,0.34299999999999997,0.2218,0.785
1.5,0.4,0,1.0,0.30300312743856295,1.0,0.5848,0.6,0.09699687256143708,0.6,0.18479999999999996,0.0
1.5,0.4,1,1.0,0.21900231492176422,1.0,0.532,0.6,0.1809976850782358,0.6,0.132,0.0
1.5,0.4,2,0.271,0.26200262965773413,0.013,0.1642,0.129,0.1379973703422659,0.387,0.2358,0.727
1.5,0.4,3,0.263,0.2509999978909919,0.012,0.1566,0.137,0.1490000021090081,0.388,0.24340000000000003,0.735
1.5,0.4,4,0.266,0.26399998857170665,0.003,0.1602,0.134,0.13600001142829338,0.397,0.2398,0.732
1.5,0.4,5,0.234,0.2279999953103327,0.005,0.1394,0.166,0.17200000468966734,0.395,0.26060000000000005,0.764
1.5,0.5,0,0.337,0.33400000791312884,0.009,0.204,0.16299999999999998,0.16599999208687116,0.491,0.29600000000000004,0.656
1.5,0.5,1,0.281,0.27003053465789606,0.009,0.168,0.21899999999999997,0.22996946534210394,0.491,0.33199999999999996,0.717
1.5,0.5,2,0.307,0.2999755402382316,0.022,0.1888,0.193,0.20002445976176841,0.478,0.31120000000000003,0.69
1.5,0.5,3,0.322,0.3160001948828675,0.01,0.1954,0.178,0.1839998051171325,0.49,0.3046,0.674
1.5,0.5,4,0.347,0.33199975549690963,0.016,0.2074,0.15300000000000002,0.16800024450309037,0.484,0.29259999999999997,0.652
1.5,0.5,5,0.279,0.27361990091041954,0.004,0.1666,0.22099999999999997,0.22638009908958046,0.496,0.33340000000000003,0.72
2.0,0.0,0,0.107,0.10099999099552319,0.008,0.0638,0.107,0.10099999099552319,0.008,0.0638,0.893
2.0,0.0,1,0.003,0.0032608275592783107,0.0,0.0018,0.003,0.0032608275592783107,0.0,0.0018,0.997
2.0,0.0,2,0.029,0.02899999257570788,0.001,0.0178,0.029,0.02899999257570788,0.001,0.0178,0.971
2.0,0.0,3,0.02,0.02000000008242741,0.0,0.012,0.02,0.02000000008242741,0.0,0.012,0.98
2.0,0.0,4,0.044,0.044000004701597775,0.0,0.026399999999999996,0.044,0.044000004701597775,0.0,0.026399999999999996,0.956
2.0,0.0,5,0.011,0.011000004160472077,0.0,0.006599999999999999,0.011,0.011000004160472077,0.0,0.006599999999999999,0.989
2.0,0.05,0,0.127,0.12499570940791324,0.005,0.0776,0.077,0.07499570940791324,0.045000000000000005,0.0276,0.873
2.0,0.05,1,0.028,0.02800000012912117,0.0,0.0168,0.022000000000000002,0.021999999870878834,0.05,0.03320000000000001,0.972
2.0,0.05,2,0.053,0.052999997452019956,0.0,0.031799999999999995,0.0029999999999999957,0.0029999974520199535,0.05,0.018200000000000008,0.947
2.0,0.05,3,0.045,0.04500000904738237,0.0,0.027,0.0050000000000000044,0.004999990952617633,0.05,0.023000000000000003,0.955
2.0,0.05,4,0.069,0.06900001427025938,0.0,0.0414,0.019000000000000003,0.01900001427025938,0.05,0.008600000000000003,0.931
2.0,0.05,5,0.031,0.030999995733172594,0.0,0.0186,0.019000000000000003,0.01900000426682741,0.05,0.031400000000000004,0.969
2.0,0.1,0,0.142,0.1350000172987181,0.01,0.0868,0.04199999999999998,0.0350000172987181,0.09000000000000001,0.013200000000000003,0.857
2.0,0.1,1,0.061,0.06100000013136046,0.0,0.0366,0.03900000000000001,0.03899999986863954,0.1,0.06340000000000001,0.939
2.0,0.1,2,0.09,0.08900000296466298,0.004,0.05499999999999999,0.010000000000000009,0.010999997035337022,0.096,0.04500000000000001,0.91
2.0,0.1,3,0.075,0.07500000686616318,0.001,0.045399999999999996,0.02500000000000001,0.02499999313383683,0.099,0.05460000000000001,0.925
2.0,0.1,4,0.09,0.08900000033347846,0.002,0.0548,0.010000000000000009,0.010999999666521543,0.098,0.045200000000000004,0.91
2.0,0.1,5,0.058,0.0569999935476211,0.0,0.0342,0.042,0.043000006452378906,0.1,0.0658,0.942
2.0,0.15,0,0.161,0.15248453488990393,0.009,0.09720000000000001,0.01100000000000001,0.0024845348899039388,0.141,0.052799999999999986,0.839
2.0,0.15,1,0.089,0.08900000343056694,0.0,0.053399999999999996,0.061,0.06099999656943306,0.15,0.09659999999999999,0.911
2.0,0.15,2,0.107,0.10600002116464341,0.001,0.06399999999999999,0.043,0.043999978835356585,0.149,0.08600000000000001,0.893
2.0,0.15,3,0.111,0.10999998873206586,0.004,0.0682,0.03899999999999999,0.040000011267934135,0.146,0.0818,0.889
2.0,0.15,4,0.131,0.13099986567078337,0.001,0.079,0.01899999999999999,0.019000134329216628,0.149,0.071,0.869
2.0,0.15,5,0.088,0.08800000379084066,0.0,0.05279999999999999,0.062,0.06199999620915933,0.15,0.09720000000000001,0.912
2.0,0.2,0,0.168,0.16098508038282763,0.01,0.1012,0.032,0.03901491961717238,0.19,0.09880000000000001,0.83
2.0,0.2,1,0.113,0.11199998871362349,0.002,0.06799999999999999,0.08700000000000001,0.08800001128637652,0.198,0.132,0.887
2.0,0.2,2,0.123,0.12099998627182061,0.002,0.074,0.07700000000000001,0.0790000137281794,0.198,0.126,0.875
2.0,0.2,3,0.107,0.10600001444093346,0.003,0.0648,0.09300000000000001,0.09399998555906655,0.197,0.13520000000000001,0.893
2.0,0.2,4,0.159,0.15699999811842696,0.0,0.09419999999999999,0.04100000000000001,0.04300000188157305,0.2,0.10580000000000002,0.84
2.0,0.2,5,0.116,0.11505640930304793,0.002,0.07039999999999999,0.084,0.08494359069695208,0.198,0.12960000000000002,0.884
2.0,0.25,0,0.197,0.1929977459650627,0.007,0.1192,0.05299999999999999,0.057002254034937305,0.243,0.1308,0.801
2.0,0.25,1,0.14,0.14000000034190713,0.001,0.0844,0.10999999999999999,0.10999999965809287,0.249,0.1656,0.86
2.0,0.25,2,0.148,0.1450000132793248,0.003,0.0888,0.10200000000000001,0.1049999867206752,0.247,0.1612,0.852
2.0,0.25,3,0.155,0.15199998522193164,0.004,0.0934,0.095,0.09800001477806836,0.246,0.15660000000000002,0.845
2.0,0.25,4,0.191,0.1870000077213148,0.006,0.1146,0.059,0.06299999227868519,0.244,0.13540000000000002,0.809
2.0,0.25,5,0.132,0.12999998631917087,0.002,0.0788,0.118,0.12000001368082913,0.248,0.17120000000000002,0.868
2.0,0.3,0,0.218,0.2129979821726508,0.009,0.1314,0.08199999999999999,0.08700201782734918,0.291,0.1686,0.781
2.0,0.3,1,0.161,0.16100002123442547,0.001,0.097,0.13899999999999998,0.13899997876557452,0.299,0.20299999999999999,0.839
2.0,0.3,2,0.176,0.1720009701264299,0.003,0.1056,0.124,0.1279990298735701,0.297,0.1944,0.824
2.0,0.3,3,0.194,0.19299999451401445,0.001,0.1162,0.10599999999999998,0.10700000548598554,0.299,0.1838,0.806
2.0,0.3,4,0.212,0.20961538238993813,0.006,0.129,0.088,0.09038461761006186,0.294,0.17099999999999999,0.788
2.0,0.3,5,0.157,0.1570000111416183,0.001,0.09459999999999999,0.143,0.1429999888583817,0.299,0.2054,0.843
2.0,0.35,0,0.258,0.2509997561480354,0.016,0.15699999999999997,0.09199999999999997,0.0990002438519646,0.33399999999999996,0.193,0.741
2.0,0.35,1,0.175,0.17300000213772976,0.002,0.10459999999999998,0.175,0.17699999786227022,0.348,0.2454,0.824
2.0,0.35,2,0.217,0.2130560538473028,0.005,0.131,0.13299999999999998,0.13694394615269717,0.345,0.21899999999999997,0.783
2.0,0.35,3,0.21,0.20900001761323644,0.003,0.1266,0.13999999999999999,0.14099998238676353,0.347,0.2234,0.79
2.0,0.35,4,0.217,0.21199018454290286,0.008,0.1322,0.13299999999999998,0.13800981545709712,0.34199999999999997,0.21779999999999997,0.781
2.0,0.35,5,0.183,0.18200000106596304,0.001,0.10959999999999999,0.16699999999999998,0.16799999893403694,0.349,0.2404,0.817
2.0,0.4,0,1.0,0.24601219614876893,1.0,0.55,0.6,0.1539878038512311,0.6,0.15000000000000002,0.0
2.0,0.4,1,0.204,0.2029999813108546,0.002,0.12319999999999998,0.19600000000000004,0.19700001868914543,0.398,0.27680000000000005,0.794
2.0,0.4,2,0.231,0.22599999357354073,0.009,0.1392,0.169,0.1740000064264593,0.391,0.26080000000000003,0.769
2.0,0.4,3,0.228,0.22193582757385752,0.007,0.13599999999999998,0.17200000000000001,0.1780641724261425,0.393,0.264,0.771
2.0,0.4,4,0.252,0.24899999786582938,0.01,0.154,0.14800000000000002,0.15100000213417064,0.39,0.24600000000000002,0.747
2.0,0.4,5,1.0,0.20500002335158163,1.0,0.5242,0.6,0.1949999766484184,0.6,0.12419999999999998,0.0
2.0,0.5,0,0.309,0.2960001829644564,0.021,0.1866,0.191,0.2039998170355436,0.479,0.3134,0.689
2.0,0.5,1,0.263,0.25900006391667885,0.006,0.159,0.237,0.24099993608332115,0.494,0.34099999999999997,0.736
2.0,0.5,2,0.279,0.2723032069965715,0.007,0.1678,0.22099999999999997,0.2276967930034285,0.493,0.3322,0.72
2.0,0.5,3,0.296,0.2906672748732999,0.008,0.179,0.20400000000000001,0.2093327251267001,0.492,0.321,0.702
2.0,0.5,4,0.324,0.3109999988136228,0.011,0.1916,0.176,0.18900000118637722,0.489,0.3084,0.675
2.0,0.5,5,0.256,0.25099733585357975,0.006,0.153,0.244,0.24900266414642025,0.494,0.347,0.742
